source_column,harmonized_name,soi_current_candidate,candidate_match_type,candidate_match_score,candidate_match_via,label,description,section,dtype,n_tax_years,years_present,first_year,last_year,scope_observed,combined_years_present
A3LOBBY,lobbying_activities_cd,"",below_threshold,0.125,"",Influence legislation?,"Organization attempted to influence legislation, sch.A.III.1","Schedule A, Part III: Statement About Activities",Character,11,1989-1999,1989,1999,501CE-NONPROFIT,"1989-1999, 2013-2024"
A4A_BUST,gross_receipts_related_activities_sec170,"",below_threshold,0.266666667,"","Gross Receipts, Rel'd Bus.-col.E (tot)","Gross receipts from business related to charitable purpose- col. E (total) (Sch.A.IV-A,17)","Schedule A, Part IV:  Reason for Non-Private Foundation Status",Numeric,3,1997-1999,1997,1999,501CE-NONPROFIT,"1997-1999, 2012-2024"
A4A_CNT,total_contributions,total_contributions,description_jaccard,0.308,990ez:totcntrbs,"Gifts, grants, contribs.-4yrs","Gifts, grants, and contributions received (total of last 4 years), Sch A, line 15(e)",Schedule A,Numeric,3,1997-1999,1997,1999,501CE-NONPROFIT,"1997-1999, 2012-2024"
A4A_GVTT,gov_services_value_sec170,"",below_threshold,0.1875,"",Srvcs. & Facil. fr. Govt.-col. E (tot),Value of services or facilities furnished by government without charge- col. E (total) (Sch.A.IV-A),"Schedule A, Part IV:  Reason for Non-Private Foundation Status",Numeric,3,1997-1999,1997,1999,501CE-NONPROFIT,"1997-1999, 2012-2024"
A4A_IVST,gross_income_interest_sec170,"",below_threshold,0.272727273,"","Gross Inc, Invest.-col. E (tot)",Gross income from investments- col. E (total) (Sch.A.IV-A),"Schedule A, Part IV:  Reason for Non-Private Foundation Status",Numeric,3,1997-1999,1997,1999,501CE-NONPROFIT,"1997-1999, 2012-2024"
A4A_MEMT,membership_fees_received_sec170,"",below_threshold,0.25,"",Memb. Fees Rec'd-col. E (tot),Membership fees received- col. E (total) (Sch.A.IV-A),"Schedule A, Part IV:  Reason for Non-Private Foundation Status",Numeric,3,1997-1999,1997,1999,501CE-NONPROFIT,1997-1999
A4A_OTHT,other_income_sec170,"",below_threshold,0.285714286,"",Other Income- Col. E (tot),Other income- col. E (total) (Sch.A.IV-A),"Schedule A, Part IV:  Reason for Non-Private Foundation Status",Numeric,3,1997-1999,1997,1999,501CE-NONPROFIT,"1997-1999, 2013-2024"
A4A_TAXT,tax_revenues_levied_sec170,"",below_threshold,0.230769231,"",Tax Rev.levied for Org.- Col. E (tot),Tax revenues levied on organization's behalf- col. E (total) (Sch.A.IV-A),"Schedule A, Part IV:  Reason for Non-Private Foundation Status",Numeric,3,1997-1999,1997,1999,501CE-NONPROFIT,"1997-1999, 2012-2024"
A4A_TOTT,total_support_sec170,"",below_threshold,0.166666667,"","Tot., Ln. 15 to 22- Col. E (tot)",Total of lines 15 to 22- col. E (total) (Sch.A.IV-A),"Schedule A, Part IV:  Reason for Non-Private Foundation Status",Numeric,3,1997-1999,1997,1999,501CE-NONPROFIT,"1997-1999, 2013-2024"
A6DLBYB,total_direct_lobbying_expense_sec501h,"",below_threshold,0.071428571,"",Tot. Direct Lbbyg Exp.-col. A (all),Total direct lobbying expense- Sch.A.VI-A.37b (all elct orgs.),"Schedule A, Part VI-A:  Lobbying Expenditures by Electing Public Charities",Character,11,1989-1999,1989,1999,501CE-NONPROFIT,1989-1999
A6GLBYB,grassroots_lobbying_amount,"",below_threshold,0.083333333,"",Tot. Grassroots Lbbyg Exp-col. A (all),Total grassroots lobbying expenditures- col. B (all elct orgs.),"Schedule A, Part VI-A:  Lobbying Expenditures by Electing Public Charities",Character,11,1989-1999,1989,1999,501CE-NONPROFIT,1989-1999
A6NGLBB,grassroots_lobbying_ceiling_amount,"",below_threshold,0.058823529,"",Grsrts Ntax. Amt (25% Li41)-col. B (all),Maximum grassroots nontaxable amount (25% of line 41)- Sch.A.VI.42b (all elct orgs.),"Schedule A, Part VI-A:  Lobbying Expenditures by Electing Public Charities",Character,3,1997-1999,1997,1999,501CE-NONPROFIT,1997-1999
A6NLBEB,taxable_lobbying_amount_all_electing_orgs,"",below_threshold,0.142857143,"",Li38-li41 (0 If Li41>li38)-all Elect Org,Subtract line 38 from line 41 (0 if line 41>line 38)- col. B (all elct orgs.),"Schedule A, Part VI-A:  Lobbying Expenditures by Electing Public Charities",Character,11,1989-1999,1989,1999,501CE-NONPROFIT,1989-1999
A6NTLBB,nontaxable_lobbying_amount,"",below_threshold,0.071428571,"",Max. Nontax. Lobbying Amt-col. B (all),Maximum nontaxable lobbying amount Sch.A.VI.41b (all elct orgs.),"Schedule A, Part VI-A:  Lobbying Expenditures by Electing Public Charities",Character,3,1997-1999,1997,1999,501CE-NONPROFIT,1997-1999
A6OEXPB,other_lobbying_amount,"",below_threshold,0.071428571,"",Oth. Exempt Purp. Exp.-col. B (all),Other exempt purpose expenditures- Sch.A.VI.39b (all elct orgs.),"Schedule A, Part VI-A:  Lobbying Expenditures by Electing Public Charities",Character,3,1997-1999,1997,1999,501CE-NONPROFIT,1997-1999
A6TGLBB,taxable_grassroots_lobbying_amount_all_electing_orgs,"",below_threshold,0.153846154,"",Subtract Li42 fr. Li36 (0 If Li42>li36),Subtract line 42 from liine 36 (0 if line 42>line 36)- col. B (all elct orgs.),"Schedule A, Part VI-A:  Lobbying Expenditures by Electing Public Charities",Character,11,1989-1999,1989,1999,501CE-NONPROFIT,1989-1999
ACCPER,accounting_period,accounting_fees,description_jaccard,0.333,990:accntingfees,Accounting period (MM),Accounting period,Miscellaneous,Character,23,1989-2011,1989,2011,501C3-CHARITIES|501CE-NONPROFIT,1989-2011
ACCPERMO,accounting_period_mm,"",skipped_bmf_origin,,"","","","","",3,1997-1999,1997,1999,501CE-NONPROFIT,1997-1999
ACTIV,"","",skipped_bmf_origin,,"","","","","",14,1997-2010,1997,2010,501C3-CHARITIES|501CE-NONPROFIT,""
ACTIV1,"","",below_threshold,0.2,"",IRS Activity Code 1,First activity code.,Classification,Character,23,1989-2011,1989,2011,501C3-CHARITIES|501CE-NONPROFIT,""
ACTIV2,"","",below_threshold,0.2,"",IRS Activity Code 2,Second activity code.,Classification,Character,23,1989-2011,1989,2011,501C3-CHARITIES|501CE-NONPROFIT,""
ACTIV3,"","",below_threshold,0.2,"",IRS Activity Code 3,Third activity code.,Classification,Character,23,1989-2011,1989,2011,501C3-CHARITIES|501CE-NONPROFIT,""
ACTIVCD1,"","",below_threshold,0.1,"",IRS Activity Code 1,IRS Activity Code 1 chosen by organization when it applied for exemption,Classification,Character,11,1989-1999,1989,1999,501CE-NONPROFIT,""
ACTIVCD2,"","",below_threshold,0.1,"",IRS Activity Code 2,IRS Activity Code 2 chosen by organization when it applied for exemption,Classification,Character,3,1997-1999,1997,1999,501CE-NONPROFIT,""
ACTIVCD3,"","",below_threshold,0.1,"",IRS Activity Code 3,IRS Activity Code 3 chosen by organization when it applied for exemption,Classification,Character,3,1997-1999,1997,1999,501CE-NONPROFIT,""
ADDRESS,"","",below_threshold,0,"",Address,Address,Basic Info,Character,23,1989-2011,1989,2011,501C3-CHARITIES|501CE-NONPROFIT,""
ADVRULDT,"","",skipped_bmf_origin,,"","","","","",3,1997-1999,1997,1999,501CE-NONPROFIT,""
AFCD,"",subsection_cd,description_jaccard,0.333,990:subseccd,Affiliation code,Affiliation code,Other Descriptive Info,Character,23,1989-2011,1989,2011,501C3-CHARITIES|501CE-NONPROFIT,""
AFFILCD,"","",skipped_bmf_origin,,"","","","","",3,1997-1999,1997,1999,501CE-NONPROFIT,""
ARC,"","",skipped_bmf_origin,,"","","","","",11,"1997-2002, 2004, 2007-2010",1997,2010,501C3-CHARITIES|501CE-NONPROFIT,""
ARED,"","",below_threshold,0,"",Advance Ruling Expiration Date,Advance Ruling Expiration Date,Other Descriptive Info,Character,22,1989-2010,1989,2010,501C3-CHARITIES|501CE-NONPROFIT,""
ASCD,"",subsection_cd,description_jaccard,0.333,990:subseccd,Asset code,Asset code,Financial Info,Character,3,"1989-1990, 1992",1989,1992,501CE-NONPROFIT,""
ASSETCD,"","",skipped_bmf_origin,,"","","","","",6,1994-1999,1994,1999,501CE-NONPROFIT,""
ASSETS,"","",skipped_bmf_origin,,"","","","","",4,"1997-1999, 2004",1997,2004,501C3-CHARITIES|501CE-NONPROFIT,""
ASS_BOY,total_assets_boy,"",below_threshold,0.142857143,"",Total Assets - BOY,"Total assets at beginning of year Old 990 (DocCD=90): Part IV, Line 59, Col (A) New 990 (DocCD=93): Part X Line 16 (A) 990EZ (DocCD=09 and 92): Part II, Line 25, Col (A)",Balance Sheet,Numeric,23,1989-2011,1989,2011,501C3-CHARITIES|501CE-NONPROFIT,1989-2011
ASS_CODE,"","",skipped_bmf_origin,,"","","","","",11,"1997-2002, 2004, 2007-2010",1997,2010,501C3-CHARITIES|501CE-NONPROFIT,""
ASS_EOY,total_assets_eoy,"",below_threshold,0.214285714,"",Total Assets - EOY,"Total assets at end of year Old 990 (DocCD=90): Part IV, Line 59, Col (B) New 990 (DocCD=93): Part X Line 16 (B) 990EZ (DocCD=09 and 92): Part II, Line 25, Col (B)",Balance Sheet,Numeric,23,1989-2011,1989,2011,501C3-CHARITIES|501CE-NONPROFIT,1989-2024
AdminExpCode,mgmt_general_cd,"",below_threshold,0.105263158,"","","Mangement and General Code (Identifies which file the estimate was taken from SOI, Core, etc.)",Supplemental fields (Authorized Users Only),Character,4,2007-2010,2007,2010,501C3-CHARITIES,2007-2010
AdminExpEstimate,mgmt_general_expense_estimate,"",below_threshold,0.2,"","",Management and general Estimate,Supplemental fields (Authorized Users Only),Numeric,4,2007-2010,2007,2010,501C3-CHARITIES,2007-2010
AdminExpYr,mgmt_general_expense_estimate_year,"",below_threshold,0.125,"","",Managment and general Estimate Year (Identifies the Fiscal Year from which the estimate was taken),Supplemental fields (Authorized Users Only),Numeric,4,2007-2010,2007,2010,501C3-CHARITIES,2007-2010
BOND_BOY,tax_exempt_bonds_boy,"",below_threshold,0.166666667,"",Tax Exempt Bonds - BOY,"Tax exempt bonds at beginning of year Old 990 (DocCD=90): Part IV, Line 64a, Col (A) New 990 (DocCD=93) and 990EZ (DocCD=09 and 92): Not available",Balance Sheet,Numeric,15,1997-2011,1997,2011,501C3-CHARITIES|501CE-NONPROFIT,1997-2011
BOND_EOY,tax_exempt_bonds_eoy,"",below_threshold,0.166666667,"",Tax Exempt Bonds - EOY,"Tax exempt bonds at end of year Old 990 (DocCD=90): Part IV, Line 64a, Col (B) New 990 (DocCD=93): Part X Line 20 (B) 990EZ (DocCD=09 and 92): Not Available",Balance Sheet,Numeric,23,1989-2011,1989,2011,501C3-CHARITIES|501CE-NONPROFIT,1989-2024
CATEGORY,"","",skipped_bmf_origin,,"","","","","",4,1995-1998,1995,1998,501C3-CHARITIES,""
CITY,"","",below_threshold,0,"",City,City,Basic Info,Character,23,1989-2011,1989,2011,501C3-CHARITIES|501CE-NONPROFIT,""
CLASSCD,"","",below_threshold,0.2,"",Classification code-brkdwn of,IRS Classification code,Other Classification,Character,23,1989-2011,1989,2011,501C3-CHARITIES|501CE-NONPROFIT,""
CODE990,"","",skipped_bmf_origin,,"","","","","",21,1990-2010,1990,2010,501C3-CHARITIES|501CE-NONPROFIT,""
COMPENS,compensation_current_officers,"",below_threshold,0.117647059,"",Compensation of Officers,"Compensation of officers Old 990 (DocCD=90): Part II, Line 25a, Col (A) New 990 (DocCD=93): Part IX Line 5 (A) 990EZ (DocCD=09 and 92): Not Available","Revenues, Expenses, and Change in Net Assets",Numeric,23,1989-2011,1989,2011,501C3-CHARITIES|501CE-NONPROFIT,1989-2024
CONT,total_contributions,"",below_threshold,0.2,"",Total Contributions,"Total contributions, gifts, and grants Old 990 (DocCD=90): Part I, Line 1e New 990 (DocCD=93): Part VIII Line 1h 990EZ (DocCD=09 and 92): Part I, Line 1","Revenues, Expenses, and Change in Net Assets",Numeric,23,1989-2011,1989,2011,501C3-CHARITIES|501CE-NONPROFIT,1989-2024
CONT4,gifts_grants_received_sec170,"",below_threshold,0.222222222,"",Total Gifts and Grants,"Total gifts, grants, and contributions received Old 990 (DocCD=90) and Old 990EZ (DocCD=09): Sch A, Part IV-A, Line 15, Col (e) New 990 (DocCD=93) and New 990EZ (DocCD=92): Not available",Schedule A,Numeric,14,1997-2010,1997,2010,501C3-CHARITIES|501CE-NONPROFIT,"1997-2010, 2012-2024"
CONTACT,"","",below_threshold,0.142857143,"",Contact person (from IRS files,Contact person (from IRS files),Other Descriptive Info,Character,23,1989-2011,1989,2011,501C3-CHARITIES|501CE-NONPROFIT,""
CYCLE,"","",skipped_bmf_origin,,"","","","","",12,"1997-2002, 2004, 2006-2010",1997,2010,501C3-CHARITIES|501CE-NONPROFIT,""
CashCode,"","",below_threshold,0.2,"",Code for Cash,Code for Estimated Cash,Supplemental fields (Authorized Users Only),Character,13,1998-2010,1998,2010,501C3-CHARITIES,""
CashEstimate,noninterest_cash_eoy,"",below_threshold,0.2,"",Cash,Estimated Cash,Supplemental fields (Authorized Users Only),Numeric,13,1998-2010,1998,2010,501C3-CHARITIES,"1998-2010, 2013-2024"
CashYr,"","",below_threshold,0.166666667,"",Year of Cash,Year of Estimated Cash,Supplemental fields (Authorized Users Only),Numeric,13,1998-2010,1998,2010,501C3-CHARITIES,""
Confidence,"","",skipped_bmf_origin,,"","","","","",15,1989-2003,1989,2003,501CE-NONPROFIT,""
Confidence2007a,"","",skipped_bmf_origin,,"","","","","",17,1989-2005,1989,2005,501CE-NONPROFIT,""
DEDUCTCD,"","",below_threshold,0.2,"",IRS deductability code,IRS Deductibility code,Other Classification,Character,23,1989-2011,1989,2011,501C3-CHARITIES|501CE-NONPROFIT,""
DIREXP,special_events_direct_expenses,"",below_threshold,0.266666667,"",Special Events Expenses,"Special events direct expenses Old 990 (DocCD=90): Part I, Line 9b New 990 (DocCD=93): Sum of Part VIII Lines 8b and 9b 990EZ (DocCD=09 and 92): Part I, Line 6b","Revenues, Expenses, and Change in Net Assets",Numeric,21,1991-2011,1991,2011,501C3-CHARITIES|501CE-NONPROFIT,1991-2011
DISTRICT,"","",below_threshold,0.2,"",IRS District Ofc.,IRS District Office,Other Descriptive Info,Character,21,1989-2009,1989,2009,501C3-CHARITIES|501CE-NONPROFIT,""
DLN,"","",below_threshold,0.142857143,"",Document locator number,Document Locator Number used by the IRS,Internal Processing,Character,11,2000-2010,2000,2010,501C3-CHARITIES|501CE-NONPROFIT,""
DOCLOCNO,"","",skipped_bmf_origin,,"","","","","",3,1997-1999,1997,1999,501CE-NONPROFIT,""
DUES,membership_dues_assessments_sec170,"",below_threshold,0.057142857,"",Dues,"Membership dues and assessments Old 990 (DocCD=90): Part I, Line 3 Old 990EZ (DocCD=09): Part I, Line 3 New 990 (DocCD=93): Not available - Amounts reported as DUES in Part I, Line 3 of Form 990 prior to 2008 are reported as Program Service Revenue in Part VIII, Line 2g of New 990 (see PROGREV) New 990EZ (DocCD=92): Not available - DUES amounts reported in Part I, Line 3 of New 990EZ were not available from the IRS for New 990EZ returns for this period. IMPORTANT NOTE: Amounts reported as DUES in Part I, Line 3 of Form 990 prior to tax year 2008 are reported as Program Service Revenue in Part VIII, Line 2g (PROGREV) of Form 990 beginning in tax year 2008. For this reason, DUES is not available in Core PC and CO files circa 2011 and newer. For this reason, the following adjustment will be necessary for comparison of PROGREV and DUES revenue components in Core files prior to 2011: [PROGREV+DUES in Core files prior to 2011] = [PROGREV in Core files 2011 and later]. Due to Form 990 revisions in tax year 2008: NCCS strongly recommends combining DUES and PROGREV revenue components for all analysis involving Core files containing both Old 990 (DocCD=90) and New 990 (DocCD=93) return data (Core files 2008-2010), and for all time-series analysis spanning Core file years 2008 and newer.","Revenues, Expenses, and Change in Net Assets",Numeric,22,1989-2010,1989,2010,501C3-CHARITIES|501CE-NONPROFIT,1989-2010
DUES4,membership_fees_received_sec170,"",below_threshold,0.157894737,"",Total Membership Fees,"Total membership fees received Old 990 (DocCD=90) and Old 990EZ (DocCD=09): Sch A, Part IV-A, Line 16, Col (e) New 990 (DocCD=93) and New 990EZ (DocCD=92): Not available",Schedule A,Numeric,14,1997-2010,1997,2010,501C3-CHARITIES|501CE-NONPROFIT,1997-2010
DirSupCode,"","",below_threshold,0.285714286,"",Code for Direct public support,Code for Estimated Direct public support,Supplemental fields (Authorized Users Only),Character,14,1998-2011,1998,2011,501C3-CHARITIES,""
DirSupEstimate,public_support_sec170,public_support_sec170,description_jaccard,0.4,990:pubsupplesspct170,Direct public support,Estimated Direct public support,Supplemental fields (Authorized Users Only),Numeric,14,1998-2011,1998,2011,501C3-CHARITIES,"1998-2011, 2013-2024"
DirSupYr,"",public_support_sec170,description_jaccard,0.333,990:pubsupplesspct170,Year of Direct public support,Year of Estimated Direct public support,Supplemental fields (Authorized Users Only),Numeric,14,1998-2011,1998,2011,501C3-CHARITIES,""
DocCD,"","",below_threshold,0.095238095,"",990 Document Type Code,"A 2-digit code identifying type of Form 990 (990, 990-EZ, or 990-PF), and form revision (form revision 2007 and earlier vs. 2008 and later). Document Code is the 4th and 5th digits of the DLN assigned by the IRS.",Miscellaneous,Character,10,2002-2011,2002,2011,501C3-CHARITIES|501CE-NONPROFIT,""
EIN,ein,ein,exact_source_name,,990:EIN,Employer Identification Number,Employer identification number.,Basic Info,Character,23,1989-2011,1989,2011,501C3-CHARITIES|501CE-NONPROFIT,1989-2024
ENDDATE,"","",skipped_bmf_origin,,"","","","","",10,1989-1998,1989,1998,501C3-CHARITIES,""
EOSTATUS,"","",skipped_bmf_origin,,"","","","","",12,"1997-2002, 2004, 2007-2011",1997,2011,501C3-CHARITIES|501CE-NONPROFIT,""
EOY,"","",skipped_bmf_origin,,"","","","","",3,"2007, 2009-2010",2007,2010,501C3-CHARITIES|501CE-NONPROFIT,""
EXGRROOT,excess_grassroots_lobbying_amount,"",below_threshold,0.166666667,"",Excess Grass Roots Exp,"Excess grass roots expenditures - subtract line 42 from line 36. Enter -0- if line 42 is more than line 36 Old 990 (DocCD=90) and Old 990EZ (DocCD=09): Sch A, Part VI-A, Line 43, Col (b) New 990 (DocCD=93) and New 990EZ (DocCD=92): Not available",Schedule A,Numeric,22,1989-2010,1989,2010,501C3-CHARITIES|501CE-NONPROFIT,1989-2010
EXLOBEXP,excess_lobbying_amount,"",below_threshold,0.173913043,"",Excess Lobbying Exp,"Excess lobbying expenditures - subtract line 41 from line 38. Enter -0- if line 41 is more than line 38 Old 990 (DocCD=90) and Old 990EZ (DocCD=09): Sch A, Part VI-A, Line 44, Col (b) New 990 (DocCD=93) and New 990EZ (DocCD=92): Not available",Schedule A,Numeric,22,1989-2010,1989,2010,501C3-CHARITIES|501CE-NONPROFIT,1989-2010
EXPS,total_functional_expenses,"",below_threshold,0.2,"",Total Expenses,"Total expenses Old 990 (DocCD=90): Part I, Line 17 New 990 (DocCD=93): Part IX Line 25 (A) 990EZ (DocCD=09 and 92): Part I, Line 17","Revenues, Expenses, and Change in Net Assets",Numeric,23,1989-2011,1989,2011,501C3-CHARITIES|501CE-NONPROFIT,1989-2024
FILER,"","",below_threshold,0.2,"",990 filing w/n 2 years? (Y/N),Filed 990 return within 24 months of BMF file? (Y/N),Basic Info,Character,8,1989-1996,1989,1996,501CE-NONPROFIT,""
FILREQCD,"","",skipped_bmf_origin,,"","","","","",3,1997-1999,1997,1999,501CE-NONPROFIT,""
FIPS,"","",below_threshold,0.066666667,"",State + County FIPS code,2-digit State + 3-digit County FIPS code (Federal Information Processing Standard). See also U.S. Census Bureau State & County QuickFacts .,Basic Info,Character,23,1989-2011,1989,2011,501C3-CHARITIES|501CE-NONPROFIT,""
FISYR,"","",below_threshold,0,"",Fiscal year,Fiscal year (ending year),Basic Info,Character,23,1989-2011,1989,2011,501C3-CHARITIES|501CE-NONPROFIT,""
FNDCD,"","",skipped_bmf_origin,,"","","","","",4,1995-1998,1995,1998,501C3-CHARITIES,""
FNDNCD,"","",below_threshold,0.1875,"",Reason for 501(c)(3) status,"Reason for & type of 501(c)(3) exempt status including codes for operating and grantmaking foundations, and broad type of public charity",Other Descriptive Info,Character,23,1989-2011,1989,2011,501C3-CHARITIES|501CE-NONPROFIT,""
FRCD,"","",below_threshold,0.1,"",Filing Requirement Code,Filing requirements code. The 1st 2 characters indicate the requirements for 990/990-EZ forms. The 3rd character = 1 if a 990-PF is required or 0 if not.,Other Descriptive Info,Character,23,1989-2011,1989,2011,501C3-CHARITIES|501CE-NONPROFIT,""
FUNDBAL,total_net_assets_eoy,"",below_threshold,0.1875,"",Net Assets - EOY,"Net assets or fund balances at end of year Old 990 (DocCD=90): Part I, Line 21 New 990 (DocCD=93): Part I Line 22 (End of Year) 990EZ (DocCD=09 and 92): Part II, Line 27, Col (B)","Revenues, Expenses, and Change in Net Assets",Numeric,23,1989-2011,1989,2011,501C3-CHARITIES|501CE-NONPROFIT,1989-2024
FUNDFEES,professional_fundraising_fees,"",below_threshold,0.2,"",Professional Fundraising Fees,"Professional fundraising fees Old 990 (DocCD=90): Part II, Line 30, Col (A) or (D) New 990 (DocCD=93): Part IX Line 11e (A) 990EZ (DocCD=09 and 92): Not Available","Revenues, Expenses, and Change in Net Assets",Numeric,23,1989-2011,1989,2011,501C3-CHARITIES|501CE-NONPROFIT,1989-2024
FUNDINC,net_income_fundraising_events,"",below_threshold,0.235294118,"",Special Events Net Income,"Net income from special events and activities Old 990 (DocCD=90): Part I, Line 9c New 990 (DocCD=93): Sum of Part VIII Line 8c (A) and 9c (A) 990EZ (DocCD=09 and 92): Part I, Line 6c","Revenues, Expenses, and Change in Net Assets",Numeric,23,1989-2011,1989,2011,501C3-CHARITIES|501CE-NONPROFIT,1989-2024
FY_97,"","",skipped_bmf_origin,,"","","","","",3,1996-1998,1996,1998,501C3-CHARITIES,""
FipsOld,"","",skipped_bmf_origin,,"","","","","",12,"1989-1999, 2004",1989,2004,501C3-CHARITIES|501CE-NONPROFIT,""
FipsOldA,"","",skipped_bmf_origin,,"","","","","",16,1989-2004,1989,2004,501C3-CHARITIES|501CE-NONPROFIT,""
GEN,"","",below_threshold,0.25,"",Group Exemption Number,Group Exemption Number,Other Descriptive Info,Character,23,1989-2011,1989,2011,501C3-CHARITIES|501CE-NONPROFIT,""
GOODS,cost_of_goods_sold,"",below_threshold,0.285714286,"",Inventory Cost of Goods Sold,"Inventory cost of goods sold Old 990 (DocCD=90): Part I, Line 10b New 990 (DocCD=93): Part VIII Line 10b 990EZ (DocCD=09 and 92): Part I, Line 7b","Revenues, Expenses, and Change in Net Assets",Numeric,23,1989-2011,1989,2011,501C3-CHARITIES|501CE-NONPROFIT,1989-2024
GRINC,"","",skipped_bmf_origin,,"","","","","",22,1989-2010,1989,2010,501C3-CHARITIES|501CE-NONPROFIT,""
GROSSINC,gross_income,"",below_threshold,0.25,"","Gr.income (gr.rec.-1d,3,8b,10b","Gross income, Gross Receipts minus (lines 1d + 3 + 8b + 10b)",Part II:  Statement of Functional Expenses,Numeric,11,1989-1999,1989,1999,501CE-NONPROFIT,1989-1999
GROSSREC,gross_receipts,"",below_threshold,0.222222222,"",Gross receipts,"Gross receipts, Sum of Part I total revenue + 6b + 8b (both columns) + 9b + 10b",Part II:  Statement of Functional Expenses,Numeric,11,1989-1999,1989,1999,501CE-NONPROFIT,1989-1999
GRPROF,gross_profit_inventory_sales,gross_profit_inventory_sales,description_jaccard,0.375,990ez:grsprft,Inventory Gross Profit,"Gross profit/loss from sales of inventory Old 990 (DocCD=90): Part I, Line 10c New 990 (DocCD=93): Part VIII Line 10c (A) 990EZ (DocCD=09 and 92): Part I, Line 7c","Revenues, Expenses, and Change in Net Assets",Numeric,23,1989-2011,1989,2011,501C3-CHARITIES|501CE-NONPROFIT,1989-2024
GRREC,gross_receipts_total,"",below_threshold,0.095238095,"",Total Gross Receipts (calculated),"Calculation of total gross receipts is based on version of Form 990/990EZ (see DocCD) Old 990 (DocCD=90): Part I, Line 8b(A), plus Line 8b(B), plus Line 6b, plus Line 9b, plus Line 10b, plus Line 12 New 990 (DocCD=93): Part VIII, Line 12, plus Line 6b(i), plus Line 6b(ii), plus Line 7b(i), plus Line 7b(ii), plus Line 8b, plus Line 9b, plus Line 10b 990EZ (DocCD=09 and 92): Part I, Line 5b, plus Line 6b, plus Line 7b, plus Line 9","Revenues, Expenses, and Change in Net Assets",Numeric,23,1989-2011,1989,2011,501C3-CHARITIES|501CE-NONPROFIT,1989-2011
GRREC4,gross_receipts_admissions_sec509,"",below_threshold,0.2,"","Total Admissions, Sales, etc. Related to Purpose","Total gross receipts from admissions, merchandise or services, etc. related to charitable purpose Old 990 (DocCD=90) and Old 990EZ (DocCD=09): Sch A, Part IV-A, Line 17, Col (e) New 990 (DocCD=93) and New 990EZ (DocCD=92): Not available",Schedule A,Numeric,14,1997-2010,1997,2010,501C3-CHARITIES|501CE-NONPROFIT,"1997-2010, 2012-2024"
GRRECMEM,gross_income_members,"",below_threshold,0.210526316,"",Gross Income - Members,"501(c)(12) orgs - Gross income from members or shareholders Old 990 (DocCD=90): Part VI, Line 87a New 990 (DocCD=93): Part V Line 11a 990EZ (DocCD=09 and 92): Not Available",Other Information,Numeric,23,1989-2011,1989,2011,501C3-CHARITIES|501CE-NONPROFIT,1989-2024
GRRECOTH,gross_income_other,"",below_threshold,0.263157895,"",Gross Income - Other,"501(c)(12) orgs - Gross income from other sources Old 990 (DocCD=90): Part VI, Line 87b New 990 (DocCD=93): Part V Line 11b 990EZ (DocCD=09 and 92): Not Available",Other Information,Numeric,23,1989-2011,1989,2011,501C3-CHARITIES|501CE-NONPROFIT,1989-2024
GRRECPUB,gross_receipts_public_use,gross_receipts_public_use,description_jaccard,0.333,990ez:grspublicrcpts,Income Public Use of Facilities,"501(c)(7) orgs - Gross receipts for public use of club facilities Old 990 (DocCD=90): Part VI, Line 86b New 990 (DocCD=93): Part V Line 10b 990EZ (DocCD=09 and 92): Part V, Line 39b",Other Information,Numeric,23,1989-2011,1989,2011,501C3-CHARITIES|501CE-NONPROFIT,1989-2024
GRROOT,total_lobbying_amount,"",below_threshold,0.090909091,"",Grass Roots Expenses,"Total lobbying expenditures to influence public opinion (grassroots lobbying) Old 990 (DocCD=90) and Old 990EZ (DocCD=09): Sch A, Part VI-A, Line 36, Col (b) New 990 (DocCD=93) and New 990EZ (DocCD=92): Not available",Schedule A,Numeric,22,1989-2010,1989,2010,501C3-CHARITIES|501CE-NONPROFIT,1989-2010
GRTNONTX,nontaxable_grassroots_amount,"",below_threshold,0.086956522,"",Grass Roots Nontaxable Amt,"Grassroots nontaxable amount (enter 25% of line 41) Old 990 (DocCD=90) and Old 990EZ (DocCD=09): Sch A, Part VI-A, Line 42, Col (b) New 990 (DocCD=93) and New 990EZ (DocCD=92): Not available",Schedule A,Numeric,14,1997-2010,1997,2010,501C3-CHARITIES|501CE-NONPROFIT,1997-2010
GVTSRV4,gov_services_value_sec170,"",below_threshold,0.142857143,"",Total Govt Services/Facilities,"Services or facilities furnished by a governmental unit Old 990 (DocCD=90) and Old 990EZ (DocCD=09): Sch A, Part IV-A, Line 21, Col (e) New 990 (DocCD=93) and New 990EZ (DocCD=92): Not available",Schedule A,Numeric,14,1997-2010,1997,2010,501C3-CHARITIES|501CE-NONPROFIT,"1997-2010, 2012-2024"
GovGtCode,"","",below_threshold,0.2,"",Code for Contributions from government grants,Code for Estimated Contributions from government grants,Supplemental fields (Authorized Users Only),Character,15,1997-2011,1997,2011,501C3-CHARITIES,""
GovGtEstimate,"","",below_threshold,0.25,"",Contributions from government grants,Estimated Contributions from government grants,Supplemental fields (Authorized Users Only),Numeric,15,1997-2011,1997,2011,501C3-CHARITIES,""
GovGtYr,"","",below_threshold,0.222222222,"",Year of Contributions from government grants,Year of Estimated Contributions from government grants,Supplemental fields (Authorized Users Only),Numeric,15,1997-2011,1997,2011,501C3-CHARITIES,""
INCCD,"","",below_threshold,0.25,"",Income range code,Income range code,Financial Info,Character,3,"1989-1990, 1992",1989,1992,501CE-NONPROFIT,""
INCOME,"","",skipped_bmf_origin,,"","","","","",4,"1997-1999, 2004",1997,2004,501C3-CHARITIES|501CE-NONPROFIT,""
INCOMECD,"","",skipped_bmf_origin,,"","","","","",6,1994-1999,1994,1999,501CE-NONPROFIT,""
INCPURP4,total_support_less_admissions_amount,"",below_threshold,0.136363636,"","Total Support Less Sales, etc.","Total support less admissions, merchandise, etc. - line 23 less line 17 Old 990 (DocCD=90) and Old 990EZ (DocCD=09): Sch A, Part IV-A, Line 24, Col (e) New 990 (DocCD=93) and New 990EZ (DocCD=92): Not available",Schedule A,Numeric,14,1997-2010,1997,2010,501C3-CHARITIES|501CE-NONPROFIT,1997-2010
INC_CODE,"","",skipped_bmf_origin,,"","","","","",11,"1997-2002, 2004, 2007-2010",1997,2010,501C3-CHARITIES|501CE-NONPROFIT,""
INFLEXP,direct_lobbying_expenses,"",below_threshold,0.1,"",Direct Lobbying Expenses,"Total lobbying expenditures to influence a legislative body (direct lobbying) Old 990 (DocCD=90) and Old 990EZ (DocCD=09): Sch A, Part VI-A, Line 37, Col (b) New 990 (DocCD=93) and New 990EZ (DocCD=92): Not available",Schedule A,Numeric,22,1989-2010,1989,2010,501C3-CHARITIES|501CE-NONPROFIT,1989-2010
INITFEES,initiation_fees,"",below_threshold,0.294117647,"",Initiation Fees,"501(c)(7) orgs - Initiation fees and capital contributions Old 990 (DocCD=90): Part VI, Line 86a New 990 (DocCD=93): Part V Line 10a 990EZ (DocCD=09 and 92): Part V, Line 39a",Other Information,Numeric,23,1989-2011,1989,2011,501C3-CHARITIES|501CE-NONPROFIT,1989-2024
INVENTG,gross_sales_inventory,"",below_threshold,0.1875,"",Inventory Gross Sales,"Gross sales of inventory, less returns and allowances Old 990 (DocCD=90): Part I, Line 10a New 990 (DocCD=93): Part VIII Line 10a 990EZ (DocCD=09 and 92): Part I, Line 7a","Revenues, Expenses, and Change in Net Assets",Numeric,15,1997-2011,1997,2011,501C3-CHARITIES|501CE-NONPROFIT,1997-2024
INVINC,investment_income,"",below_threshold,0.142857143,"",Total Investment Income,"Total investment income Old 990 (DocCD=90): Sum of Part I, Lines 4, 5, & 7 New 990 (DocCD=93): Part VIII Line 3A 990EZ (DocCD=09 and 92): Part I, Line 4","Revenues, Expenses, and Change in Net Assets",Numeric,23,1989-2011,1989,2011,501C3-CHARITIES|501CE-NONPROFIT,1989-2024
INVINC4,gross_income_interest_sec170,"",below_threshold,0.217391304,"",Total Interest and Dividends,"Gross income from interest, dividends, payments on securities loans, etc. Old 990 (DocCD=90) and Old 990EZ (DocCD=09): Sch A, Part IV-A, Line 18, Col (e) New 990 (DocCD=93) and New 990EZ (DocCD=92): Not available",Schedule A,Numeric,14,1997-2010,1997,2010,501C3-CHARITIES|501CE-NONPROFIT,"1997-2010, 2012-2024"
IndSupCode,"","",below_threshold,0.285714286,"",Code for Indirect public support,Code for Estimated Indirect public support,Supplemental fields (Authorized Users Only),Character,14,1998-2011,1998,2011,501C3-CHARITIES,""
IndSupEstimate,public_support_subtotal_sec170,public_support_sec170,description_jaccard,0.4,990:pubsupplesspct170,Indirect public support,Estimated Indirect public support,Supplemental fields (Authorized Users Only),Numeric,14,1998-2011,1998,2011,501C3-CHARITIES,"1998-2011, 2013-2024"
IndSupYr,"",public_support_sec170,description_jaccard,0.333,990:pubsupplesspct170,Year of Indirect public support,Year of Estimated Indirect public support,Supplemental fields (Authorized Users Only),Numeric,14,1998-2011,1998,2011,501C3-CHARITIES,""
InvOthCode,"","",below_threshold,0.285714286,"",Code for Other Investments,Code for Estimated Other Investments,Supplemental fields (Authorized Users Only),Character,13,1998-2010,1998,2010,501C3-CHARITIES,""
InvOthEstimate,investments_other_eoy,investments_other_eoy,description_jaccard,0.4,990:invstmntsothrend,Other Investments,Estimated Other Investments,Supplemental fields (Authorized Users Only),Numeric,13,1998-2010,1998,2010,501C3-CHARITIES,"1998-2010, 2013-2024"
InvOthYr,"",investments_other_eoy,description_jaccard,0.333,990:invstmntsothrend,Year of Other Investments,Year of Estimated Other Investments,Supplemental fields (Authorized Users Only),Numeric,13,1998-2010,1998,2010,501C3-CHARITIES,""
InvSecCode,"","",below_threshold,0.272727273,"",Code for Investment Securities (other securities a,Code for Estimated Investment Securities (other securities and publicly traded securities),Supplemental fields (Authorized Users Only),Character,13,1998-2010,1998,2010,501C3-CHARITIES,""
InvSecEstimate,investments_eoy,investments_eoy,description_jaccard,0.3,990:invstmntsend,Investment Securities (other securities and public,Estimated Investment Securities (other securities and publicly traded securities),Supplemental fields (Authorized Users Only),Numeric,13,1998-2010,1998,2010,501C3-CHARITIES,"1998-2010, 2013-2024"
InvSecYr,"",investments_eoy,description_jaccard,0.3,990:invstmntsend,Year of Investment Securities (other securities an,Year of Estimated Investment Securities (other securities and publicly traded securities),Supplemental fields (Authorized Users Only),Numeric,13,1998-2010,1998,2010,501C3-CHARITIES,""
LATITUDE,"","",below_threshold,0,"",Latitude,Latitude,Miscellaneous,Numeric,4,"2006-2007, 2010-2011",2006,2011,501C3-CHARITIES|501CE-NONPROFIT,""
LBEBOYCode,"","",below_threshold,0.272727273,"","Code for Land, Building and Equipment - beginning","Code for Estimated Land, Building and Equipment - beginning of year",Supplemental fields (Authorized Users Only),Character,13,1998-2010,1998,2010,501C3-CHARITIES,""
LBEBOYEstimate,land_bldg_equip_boy,rpt_land_bldg_equip_cd,description_jaccard,0.333,990:rptlndbldgeqptcd,"Land, Building and Equipment - beginning of year","Estimated Land, Building and Equipment - beginning of year",Supplemental fields (Authorized Users Only),Numeric,13,1998-2010,1998,2010,501C3-CHARITIES,1998-2010
LBEBOYYr,"",rpt_land_bldg_equip_cd,description_jaccard,0.333,990:rptlndbldgeqptcd,"Year of Land, Building and Equipment - beginning o","Year of Estimated Land, Building and Equipment - beginning of year",Supplemental fields (Authorized Users Only),Numeric,13,1998-2010,1998,2010,501C3-CHARITIES,""
LEGEXP,legislative_expenses,"",below_threshold,0.090909091,"",Legislative Expenses,"Total expenses paid or incurred in connection with the lobbying activities Old 990 (DocCD=90) and Old 990EZ (DocCD=09): Sch A, Part III, Line 1 New 990 (DocCD=93) and New 990EZ (DocCD=92): Not available",Schedule A,Numeric,22,1989-2010,1989,2010,501C3-CHARITIES|501CE-NONPROFIT,1989-2010
LEVEL1,"","",below_threshold,0.125,"",Public charity or priv. fndn?,Public charity or private foundation?,Other Classification,Character,23,1989-2011,1989,2011,501C3-CHARITIES|501CE-NONPROFIT,""
LEVEL1old20090616,"","",skipped_bmf_origin,,"","","","","",19,1989-2007,1989,2007,501C3-CHARITIES|501CE-NONPROFIT,""
LEVEL2,"","",below_threshold,0.142857143,"",Reporting public charity group,Reporting public charity groups.,Classification,Character,23,1989-2011,1989,2011,501C3-CHARITIES|501CE-NONPROFIT,""
LEVEL2old20090616,"","",skipped_bmf_origin,,"","","","","",19,1989-2007,1989,2007,501C3-CHARITIES|501CE-NONPROFIT,""
LEVEL3,"","",below_threshold,0,"",Major NTEE category,Major NTEE category,Other Classification,Character,23,1989-2011,1989,2011,501C3-CHARITIES|501CE-NONPROFIT,""
LEVEL3old20090616,"","",skipped_bmf_origin,,"","","","","",19,1989-2007,1989,2007,501C3-CHARITIES|501CE-NONPROFIT,""
LEVEL4,"","",below_threshold,0,"",NTEE-CC Major Group,NTEE-CC Major Group,Other Classification,Character,23,1989-2011,1989,2011,501C3-CHARITIES|501CE-NONPROFIT,""
LEVEL4old20090616,"","",skipped_bmf_origin,,"","","","","",19,1989-2007,1989,2007,501C3-CHARITIES|501CE-NONPROFIT,""
LIAB_BOY,total_liabilities_boy,"",below_threshold,0.142857143,"",Total Liabilities - BOY,"Total liabilities at beginning of year Old 990 (DocCD=90): Part IV, Line 66, Col (A) New 990 (DocCD=93): Part X Line 26 (A) 990EZ (DocCD=09 and 92): Part II, Line 26, Col (A)",Balance Sheet,Numeric,23,1989-2011,1989,2011,501C3-CHARITIES|501CE-NONPROFIT,1989-2011
LIAB_EOY,total_liabilities_eoy,"",below_threshold,0.214285714,"",Total Liabilities - EOY,"Total liabilities at end of year Old 990 (DocCD=90): Part IV, Line 66, Col (B) New 990 (DocCD=93): Part X Line 26 (B) 990EZ (DocCD=09 and 92): Part II, Line 26, Col (B)",Balance Sheet,Numeric,23,1989-2011,1989,2011,501C3-CHARITIES|501CE-NONPROFIT,1989-2024
LOBNOTAX,nontaxable_lobbying_amount,"",below_threshold,0.1,"",Lobbying Nontaxable Amt,"Lobbying nontaxable amount Old 990 (DocCD=90) and Old 990EZ (DocCD=09): Sch A, Part VI-A, Line 41, Col (b) New 990 (DocCD=93) and New 990EZ (DocCD=92): Not available",Schedule A,Numeric,14,1997-2010,1997,2010,501C3-CHARITIES|501CE-NONPROFIT,1997-2010
LOBOTH,other_lobbying_amount,"",below_threshold,0.15,"",Other Exempt Expenses,"Other exempt purpose expenditures Old 990 (DocCD=90) and Old 990EZ (DocCD=09): Sch A, Part VI-A, Line 39, Col (b) New 990 (DocCD=93) and New 990EZ (DocCD=92): Not available",Schedule A,Numeric,14,1997-2010,1997,2010,501C3-CHARITIES|501CE-NONPROFIT,1997-2010
LONGITUDE,"","",below_threshold,0,"",Longitude,Longitude,Miscellaneous,Numeric,4,"2006-2007, 2010-2011",2006,2011,501C3-CHARITIES|501CE-NONPROFIT,""
LRC,"","",skipped_bmf_origin,,"","","","","",11,"1997-2002, 2004, 2007-2010",1997,2010,501C3-CHARITIES|501CE-NONPROFIT,""
MAJGRPB,"","",below_threshold,0.1,"",Major NTEE group,Major NTEE group plus hospitals and higher education,Classification,Character,23,1989-2011,1989,2011,501C3-CHARITIES|501CE-NONPROFIT,""
MANUAL,"","",skipped_bmf_origin,,"","","","","",4,1989-1992,1989,1992,501C3-CHARITIES,""
MRTG_BOY,secured_mortgages_boy,"",below_threshold,0.19047619,"",Mortgages and Notes Payable - BOY,"Mortgages and other notes payable at beginning of year Old 990 (DocCD=90): Part IV, Line 64b, Col (A) New 990 (DocCD=93) and 990EZ (DocCD=09 and 92): Not available",Balance Sheet,Numeric,15,1997-2011,1997,2011,501C3-CHARITIES|501CE-NONPROFIT,1997-2011
MRTG_EOY,secured_mortgages_eoy,"",below_threshold,0.25,"",Mortgages and Notes Payable - EOY,"Mortgages and other notes payable at end of year Old 990 (DocCD=90): Part IV, Line 64b, Col (B) New 990 (DocCD=93): Part X Line 23 (B) 990EZ (DocCD=09 and 92): Not Available",Balance Sheet,Numeric,23,1989-2011,1989,2011,501C3-CHARITIES|501CE-NONPROFIT,1989-2024
MSA,"","",below_threshold,0.142857143,"",Metropolitan Statistical Area,Metropolitan Statistical Area (NCCS file) ( list ),Basic Info,Character,7,1999-2005,1999,2005,501C3-CHARITIES,""
MSA_NECH,"","",below_threshold,0.142857143,"",Metropolitan Statistical Area,Metropolitan Statistical Area (NCCS file) ( list ),Basic Info,Character,23,1989-2011,1989,2011,501C3-CHARITIES|501CE-NONPROFIT,""
NAICS,"","",below_threshold,0.125,"",NAICS Code,North American Industrial Classification System,Other Classification,Character,23,1989-2011,1989,2011,501C3-CHARITIES|501CE-NONPROFIT,""
NAME,"","",below_threshold,0.25,"",Name of organization,Organization name.,Basic Info,Character,23,1989-2011,1989,2011,501C3-CHARITIES|501CE-NONPROFIT,""
NCCSKEY,"","",below_threshold,0,"",Unique key: ein + return date,Unique key: ein + return date,Basic Info,Character,12,2000-2011,2000,2011,501C3-CHARITIES|501CE-NONPROFIT,""
NCCSKEY2,"","",below_threshold,0,"",Unique key: ein + fiscal year,Unique key: ein + fiscal year,Internal Processing,Character,16,1996-2011,1996,2011,501C3-CHARITIES|501CE-NONPROFIT,""
NEGINC,"","",skipped_bmf_origin,,"","","","","",3,1997-1999,1997,1999,501CE-NONPROFIT,""
NETA_BOY,total_net_assets_boy,"",below_threshold,0.117647059,"",Net Assets - BOY,"Net assets or fund balances at beginning of year Old 990 (DocCD=90): Part IV, Line 73, Col (A) New 990 (DocCD=93): Part X line 33 (A) 990EZ (DocCD=09 and 92): Part II, Line 27, Col (A)",Balance Sheet,Numeric,15,1997-2011,1997,2011,501C3-CHARITIES|501CE-NONPROFIT,1997-2011
NETINC,net_income,"",below_threshold,0.166666667,"",Net Income/Deficit,"Net income (loss) for the year Old 990 (DocCD=90): Part I, Line 18 New 990 (DocCD=93): Part I Line 19 (Current Year) 990EZ (DocCD=09 and 92): Part I, Line 18","Revenues, Expenses, and Change in Net Assets",Numeric,15,1997-2011,1997,2011,501C3-CHARITIES|501CE-NONPROFIT,1997-2011
NETRENT,net_rental_income,"",below_threshold,0.214285714,"",Net Rental Income,"Net rental income Old 990 (DocCD=90): Part I, Line 6c New 990 (DocCD=93): Part VIII Line 6d (A) 990EZ (DocCD=09 and 92): Not Available","Revenues, Expenses, and Change in Net Assets",Numeric,15,1997-2011,1997,2011,501C3-CHARITIES|501CE-NONPROFIT,1997-2024
NTEE,"","",skipped_bmf_origin,,"","","","","",17,1989-2005,1989,2005,501C3-CHARITIES|501CE-NONPROFIT,""
NTEE1,"","",below_threshold,0,"",NTEE major group,NTEE major group (A-Z),Basic Info,Character,23,1989-2011,1989,2011,501C3-CHARITIES|501CE-NONPROFIT,""
NTEE2,"","",skipped_bmf_origin,,"","","","","",16,"1989-1998, 2000-2005",1989,2005,501C3-CHARITIES,""
NTEE4,"","",below_threshold,0.142857143,"",Revised NTEE 4 Classification,Four-digit NTEE code.,Other Classification,Character,8,1989-1996,1989,1996,501C3-CHARITIES,""
NTEECC,"","",below_threshold,0,"",NTEECC primary purpose,NTEECC classification,Basic Info,Character,23,1989-2011,1989,2011,501C3-CHARITIES|501CE-NONPROFIT,""
NTEEIRS,"","",below_threshold,0.142857143,"",NTEE assigned by IRS,NTEE code assigned by IRS (includes NTEE-CC & XP codes),Other Classification,Character,8,"1997-1998, 2006-2011",1997,2011,501C3-CHARITIES|501CE-NONPROFIT,""
NTEESRC,"","",skipped_bmf_origin,,"","","","","",22,"1989-2005, 2007-2011",1989,2011,501C3-CHARITIES|501CE-NONPROFIT,""
NetLandCode,rpt_land_bldg_equip_cd,land_bldg_equip_eoy,description_jaccard,0.3,990:lndbldgsequipend,Code for Net Land Building and Equipment,Code for Estimated Net Land Building and Equipment,Supplemental fields (Authorized Users Only),Character,13,1998-2010,1998,2010,501C3-CHARITIES,"1998-2010, 2013-2024"
NetLandEstimate,land_bldg_equip_eoy,land_bldg_equip_eoy,description_jaccard,0.375,990:lndbldgsequipend,Net Land Building and Equipment,Estimated Net Land Building and Equipment,Supplemental fields (Authorized Users Only),Numeric,13,1998-2010,1998,2010,501C3-CHARITIES,"1998-2010, 2013-2024"
NetLandYr,"",land_bldg_equip_eoy,description_jaccard,0.333,990:lndbldgsequipend,Year of Net Land Building and Equipment,Year of Estimated Net Land Building and Equipment,Supplemental fields (Authorized Users Only),Numeric,13,1998-2010,1998,2010,501C3-CHARITIES,""
Ntee2007a,"","",below_threshold,0,"",NTEE-CC 2007,"NTEE-CC (2007 draft, v.1)",Miscellaneous,Character,17,1989-2005,1989,2005,501C3-CHARITIES|501CE-NONPROFIT,""
Ntee42007a,"","",skipped_bmf_origin,,"","","","","",11,1995-2005,1995,2005,501C3-CHARITIES,""
NteeCC4d,"","",below_threshold,0.117647059,"",NTEE-CC 4th and 5th Digits,NTEE-CC code 4th & 5th characters used for supporting organizations,Other Classification,Character,18,1989-2006,1989,2006,501C3-CHARITIES|501CE-NONPROFIT,""
NteeDraft,"","",below_threshold,0.2,"",NTEECC draft,Draft NTEE-CC code,Miscellaneous,Character,15,"1989-1998, 2000-2004",1989,2004,501C3-CHARITIES|501CE-NONPROFIT,""
NteeOldA,"","",skipped_bmf_origin,,"","","","","",16,1989-2004,1989,2004,501C3-CHARITIES|501CE-NONPROFIT,""
NumEmpCode,"",n_employees_w3,description_jaccard,0.4,990:noemplyeesw3cnt,Code for Number of employees,Code for Estimated number of employees,Supplemental fields (Authorized Users Only),Character,3,2008-2010,2008,2010,501C3-CHARITIES|501CE-NONPROFIT,""
NumEmpEstimate,n_employees_w3,n_employees_w3,description_jaccard,0.667,990:noemplyeesw3cnt,Number of employees,Estimated number of employees,Supplemental fields (Authorized Users Only),Numeric,3,2008-2010,2008,2010,501C3-CHARITIES|501CE-NONPROFIT,"2008-2010, 2013-2024"
NumEmpYr,"",n_employees_w3,description_jaccard,0.5,990:noemplyeesw3cnt,Year of Number of employees,Year of Estimated number of employees,Supplemental fields (Authorized Users Only),Character,3,2008-2010,2008,2010,501C3-CHARITIES|501CE-NONPROFIT,""
OLDNTEE,"","",skipped_bmf_origin,,"","","","","",6,1989-1994,1989,1994,501C3-CHARITIES,""
ORGCD,"","",below_threshold,0.125,"","Corporation, trust, assoc,etc.","Organization code: corporation, trust, association, etc.",Other Classification,Character,23,1989-2011,1989,2011,501C3-CHARITIES|501CE-NONPROFIT,""
OTHCHGS,other_change_net_assets,"",below_threshold,0.25,"",Other Changes in Net Assets,"Other changes in net assets or fund balances Old 990 (DocCD=90): Part I, Line 20 Old 990EZ (DocCD=09): Part I, Line 20 New 990 (DocCD=93) and New 990EZ (DocCD=92): Not available","Revenues, Expenses, and Change in Net Assets",Numeric,15,1997-2011,1997,2011,501C3-CHARITIES|501CE-NONPROFIT,1997-2011
OTHINC,other_income_sec170,"",below_threshold,0.153846154,"",Other Income,"Other income Old 990 (DocCD=90): Part I, Line 11 New 990 (DocCD=93): Part VIII Line 11e (A) 990EZ (DocCD=09 and 92): Part I, Line 8","Revenues, Expenses, and Change in Net Assets",Numeric,22,"1989, 1991-2011",1989,2011,501C3-CHARITIES|501CE-NONPROFIT,"1989, 1991-2011, 2013-2024"
OTHINC4,total_support_sec170,"",below_threshold,0.111111111,"",Total Support,"Total support - sum of lines 15 through 22 Old 990 (DocCD=90) and Old 990EZ (DocCD=09): Sch A, Part IV-A, Line 23, Col (e) New 990 (DocCD=93) and New 990EZ (DocCD=92): Not available",Schedule A,Numeric,14,1997-2010,1997,2010,501C3-CHARITIES|501CE-NONPROFIT,"1997-2010, 2013-2024"
OTHINVST,investment_income,"",below_threshold,0.153846154,"",Other Investment Income,"Other investment income Old 990 (DocCD=90): Part I, Line 7 Old 990EZ (DocCD=09): Part I, Line 4 New 990 (DocCD=93) and New 990EZ (DocCD=92): Not available","Revenues, Expenses, and Change in Net Assets",Numeric,14,1997-2010,1997,2010,501C3-CHARITIES|501CE-NONPROFIT,"1997-2010, 2012-2024"
OTHSAL,other_salaries_wages,"",below_threshold,0.266666667,"",Other Salaries,"Other salaries and wages of employees Old 990 (DocCD=90): Part II, Line 26, Col (A) New 990 (DocCD=93): Part IX Line 7 (A) 990EZ (DocCD=09 and 92): Not Available","Revenues, Expenses, and Change in Net Assets",Numeric,15,1997-2011,1997,2011,501C3-CHARITIES|501CE-NONPROFIT,1997-2024
OUTNCCS,"","",below_threshold,0.090909091,"",Out of Scope flag,Out-of-scope (IN/OUT) (see OUTREAS doc. for details),Basic Info,Character,23,1989-2011,1989,2011,501C3-CHARITIES|501CE-NONPROFIT,""
OUTNCCSold20090616,"","",skipped_bmf_origin,,"","","","","",19,1989-2007,1989,2007,501C3-CHARITIES|501CE-NONPROFIT,""
OUTREAS,"","",below_threshold,0.142857143,"",Reason why out of scope,Reason why out of scope,Basic Info,Character,23,1989-2011,1989,2011,501C3-CHARITIES|501CE-NONPROFIT,""
OUTREASold20090616,"","",skipped_bmf_origin,,"","","","","",19,1989-2007,1989,2007,501C3-CHARITIES|501CE-NONPROFIT,""
OthAsstCode,rpt_other_assets_cd,other_assets_eoy,description_jaccard,0.333,990:othrassetsend,Code for Other assets,Code for Estimated Other assets,Supplemental fields (Authorized Users Only),Character,13,1998-2010,1998,2010,501C3-CHARITIES,"1998-2010, 2013-2024"
OthAsstEstimate,other_assets_eoy,other_assets_eoy,description_jaccard,0.5,990:othrassetsend,Other assets,Estimated Other assets,Supplemental fields (Authorized Users Only),Numeric,13,1998-2010,1998,2010,501C3-CHARITIES,"1998-2010, 2013-2024"
OthAsstYr,"",other_assets_eoy,description_jaccard,0.4,990:othrassetsend,Year of Other assets,Year of Estimated Other assets,Supplemental fields (Authorized Users Only),Numeric,13,1998-2010,1998,2010,501C3-CHARITIES,""
P1CHGAS,other_changes_net_assets_fund_balances,other_changes_net_assets_fund_balances,description_jaccard,0.667,990ez:othrchgsnetassetfnd,Other changes in net assets or fund balances,Other changes in net assets or fund balances,"Part I:  Revenue, Expenses, and Changes in Net Assets or Fund Balances",Numeric,3,1997-1999,1997,1999,501CE-NONPROFIT,"1997-1999, 2012-2024"
P1DUES,membership_dues_assessments_sec170,"",below_threshold,0.19047619,"",Dues & assessments,"Membership dues and assessments, line 3. (Includes only portion of dues for which member directly benefits. """"""""""""""""""""""""""""""""""""""""""""""""""""""""""""""""""""""""""""""""""""""""""""""""""""""""""""""""""""""""""""""""Dues"""""""""""""""""""""""""""""""""""""""""""""""""""""""""""""""""""""""""""""""""""""""""""""""""""""""""""""""""""""""""""""""" to public charities are often more accurately reported as Contributions.)","Part I:  Revenue, Expenses, and Changes in Net Assets or Fund Balances",Numeric,11,1989-1999,1989,1999,501CE-NONPROFIT,1989-1999
P1FREXP,fundraising_events_direct_expenses,"",below_threshold,0.25,"",Fund-raising expenses,Fund-raising expenses,"Part I:  Revenue, Expenses, and Changes in Net Assets or Fund Balances",Numeric,11,1989-1999,1989,1999,501CE-NONPROFIT,"1989-1999, 2012-2024"
P1INVNTC,cost_of_goods_sold,cost_of_goods_sold,description_jaccard,1,990:lesscstofgoods,"Inventory, cost of goods sold","Inventory, cost of goods sold","Part I:  Revenue, Expenses, and Changes in Net Assets or Fund Balances",Numeric,11,1989-1999,1989,1999,501CE-NONPROFIT,"1989-1999, 2012-2024"
P1INVNTG,gross_sales_inventory,gross_sales_inventory,description_jaccard,1,990:grsalesinvent,"Inventory, gross sales","Inventory, gross sales","Part I:  Revenue, Expenses, and Changes in Net Assets or Fund Balances",Numeric,3,1997-1999,1997,1999,501CE-NONPROFIT,"1997-1999, 2012-2024"
P1INVNTN,gross_profit_inventory_sales,gross_profit_inventory_sales,description_jaccard,0.429,990ez:grsprft,"Inventory, gross profit (net)","Inventory, gross profit (net)","Part I:  Revenue, Expenses, and Changes in Net Assets or Fund Balances",Numeric,11,1989-1999,1989,1999,501CE-NONPROFIT,"1989-1999, 2012-2024"
P1INVST,investment_income,"",below_threshold,0.142857143,"",Total invest. inc. (990 lines 4+5+7 OR EZ line 4),Total invest. inc. (990 lines 4+5+7 OR EZ line 4),"Part I:  Revenue, Expenses, and Changes in Net Assets or Fund Balances",Numeric,11,1989-1999,1989,1999,501CE-NONPROFIT,"1989-1999, 2012-2024"
P1NASEOY,total_net_assets_eoy,"",below_threshold,0.285714286,"",Net assets or fund balance-end of year,Net assets or fund balance-end of year,"Part I:  Revenue, Expenses, and Changes in Net Assets or Fund Balances",Numeric,11,1989-1999,1989,1999,501CE-NONPROFIT,"1989-1999, 2012-2024"
P1NETINC,net_income,"",below_threshold,0.285714286,"","Net income (""""""""""""""""""""""""""""""""""""""""""""""""""""""""""""""""""""""""""""""""""""""""""""""""""""""""""""""""""""""""""""""""excess (or deficit) for the year"""""""""""""""""""""""""""""""""""""""""""""""""""""""""""""""""""""""""""""""""""""""""""""""""""""""""""""""""""""""""""""""")","Net income (""""""""""""""""""""""""""""""""""""""""""""""""""""""""""""""""""""""""""""""""""""""""""""""""""""""""""""""""""""""""""""""""excess (or deficit) for the year"""""""""""""""""""""""""""""""""""""""""""""""""""""""""""""""""""""""""""""""""""""""""""""""""""""""""""""""""""""""""""""""")","Part I:  Revenue, Expenses, and Changes in Net Assets or Fund Balances",Numeric,3,1997-1999,1997,1999,501CE-NONPROFIT,1997-1999
P1OTHC,cost_basis_other_assets,cost_basis_other_assets,description_jaccard,0.5,990ez:basisalesexpnsothr,Cost or other basis (other),Cost or other basis (other),"Part I:  Revenue, Expenses, and Changes in Net Assets or Fund Balances",Numeric,3,1997-1999,1997,1999,501CE-NONPROFIT,"1997-1999, 2012-2024"
P1OTHG,gross_sales_other_assets,gross_sales_other_assets,description_jaccard,0.833,990ez:grsamtsalesastothr,Gross amount from sale of assets (other),Gross amount from sale of assets (other),"Part I:  Revenue, Expenses, and Changes in Net Assets or Fund Balances",Numeric,3,1997-1999,1997,1999,501CE-NONPROFIT,"1997-1999, 2012-2024"
P1OTHN,gain_loss_sales_other_assets,gain_loss_sales_other_assets,description_jaccard,0.556,990ez:gnsaleofastothr,"Net gain (loss) from sale of """"""""""""""""""""""""""""""""""""""""""""""""""""""""""""""""""""""""""""""""""""""""""""""""""""""""""""""""""""""""""""""""other"""""""""""""""""""""""""""""""""""""""""""""""""""""""""""""""""""""""""""""""""""""""""""""""""""""""""""""""""""""""""""""""" assets other","Net gain (loss) from sale of """"""""""""""""""""""""""""""""""""""""""""""""""""""""""""""""""""""""""""""""""""""""""""""""""""""""""""""""""""""""""""""""other"""""""""""""""""""""""""""""""""""""""""""""""""""""""""""""""""""""""""""""""""""""""""""""""""""""""""""""""""""""""""""""""" assets other than inventory","Part I:  Revenue, Expenses, and Changes in Net Assets or Fund Balances",Numeric,3,1997-1999,1997,1999,501CE-NONPROFIT,"1997-1999, 2012-2024"
P1OTHREV,other_revenue_total_11e,other_revenue_total_11e,description_jaccard,1,990:miscrevtot11e,Other revenue,Other revenue,"Part I:  Revenue, Expenses, and Changes in Net Assets or Fund Balances",Numeric,9,1991-1999,1991,1999,501CE-NONPROFIT,"1991-1999, 2012-2024"
P1PSREV,program_service_revenue,program_service_revenue,description_jaccard,1,990:totprgmrevnue,Program service revenue,Program service revenue,"Part I:  Revenue, Expenses, and Changes in Net Assets or Fund Balances",Numeric,9,1991-1999,1991,1999,501CE-NONPROFIT,"1991-1999, 2012-2024"
P1RENTE,net_rental_income,fundraising_events_direct_expenses,description_jaccard,0.333,990:lessdirfndrsng,Rental expenses,Rental expenses,"Part I:  Revenue, Expenses, and Changes in Net Assets or Fund Balances",Numeric,9,1991-1999,1991,1999,501CE-NONPROFIT,"1991-1999, 2012-2024"
P1RENTN,net_rental_income,net_rental_income,description_jaccard,1,990:netrntlinc,Net rental income,Net rental income,"Part I:  Revenue, Expenses, and Changes in Net Assets or Fund Balances",Numeric,3,1997-1999,1997,1999,501CE-NONPROFIT,"1997-1999, 2012-2024"
P1SALES,gross_receipts_public_use,"",below_threshold,0.285714286,"",Sales & receipts,"Sales and receipts, Gross Receipts minus (lines 1d +3)",Part II:  Statement of Functional Expenses,Numeric,11,1989-1999,1989,1999,501CE-NONPROFIT,"1989-1999, 2012-2024"
P1SECURC,cost_basis_securities,cost_basis_other_assets,description_jaccard,0.429,990ez:basisalesexpnsothr,Cost or other basis (securities),Cost or other basis (securities),"Part I:  Revenue, Expenses, and Changes in Net Assets or Fund Balances",Numeric,11,1989-1999,1989,1999,501CE-NONPROFIT,"1989-1999, 2012-2024"
P1SECURG,gross_sales_other_assets,gross_sales_other_assets,description_jaccard,0.833,990ez:grsamtsalesastothr,Gross amount from sale of assets (securities),Gross amount from sale of assets (securities),"Part I:  Revenue, Expenses, and Changes in Net Assets or Fund Balances",Numeric,11,1989-1999,1989,1999,501CE-NONPROFIT,"1989-1999, 2012-2024"
P1SECURN,net_gain_loss_securities,gain_loss_sales_other_assets,description_jaccard,0.667,990ez:gnsaleofastothr,Gain (loss) from sale of securities,Gain (loss) from sale of securities,"Part I:  Revenue, Expenses, and Changes in Net Assets or Fund Balances",Numeric,3,1997-1999,1997,1999,501CE-NONPROFIT,"1997-1999, 2012-2024"
P1SPEVC,gross_income_fundraising_events,"",description_jaccard,0.333,990ez:grsrevnuefndrsng,Special events - portion of gross reported in line,"Special events - portion of gross reported in line 1a, contributions, & not reported in line 9","Part I:  Revenue, Expenses, and Changes in Net Assets or Fund Balances",Character,3,1997-1999,1997,1999,501CE-NONPROFIT,"1997-1999, 2012-2024"
P1SPEVE,gaming_fundraising_direct_expenses,"",description_jaccard,1,990ez:direxpns,"Special events, direct expenses","Special events, direct expenses","Part I:  Revenue, Expenses, and Changes in Net Assets or Fund Balances",Numeric,9,1991-1999,1991,1999,501CE-NONPROFIT,"1991-1999, 2012-2024"
P1SPEVN,net_income_fundraising_events,"",description_jaccard,0.8,990ez:netincfndrsng,"Special events, net income","Special events, net income","Part I:  Revenue, Expenses, and Changes in Net Assets or Fund Balances",Numeric,9,1991-1999,1991,1999,501CE-NONPROFIT,"1991-1999, 2012-2024"
P1TCONT,total_contributions,total_contributions,description_jaccard,1,990:totcntrbgfts,Total contributions,Total contributions,"Part I:  Revenue, Expenses, and Changes in Net Assets or Fund Balances",Numeric,11,1989-1999,1989,1999,501CE-NONPROFIT,"1989-1999, 2012-2024"
P1TOTEXP,total_expenses,total_expenses,description_jaccard,1,990ez:totexpns,Total expenses,Total expenses,"Part I:  Revenue, Expenses, and Changes in Net Assets or Fund Balances",Numeric,11,1989-1999,1989,1999,501CE-NONPROFIT,"1989-1999, 2012-2024"
P1TOTREV,total_revenue,total_revenue,description_jaccard,0.5,990:totrevenue,Tot.Rev.,Total revenue,"Part I:  Revenue, Expenses, and Changes in Net Assets or Fund Balances",Numeric,7,1993-1999,1993,1999,501CE-NONPROFIT,"1993-1999, 2012-2024"
P2TCOMP,compensation_current_officers,"",below_threshold,0.285714286,"",Compensation of officers-col. A (total),Compensation of officers-col. A (total),Part II:  Statement of Functional Expenses,Numeric,11,1989-1999,1989,1999,501CE-NONPROFIT,"1989-1999, 2012-2024"
P2TFRFEE,professional_fundraising_fees,professional_fundraising_fees,description_jaccard,0.6,990:profndraising,Professional fundraising fees-total (col.A),Professional fundraising fees-total (col.A),Part II:  Statement of Functional Expenses,Numeric,11,1989-1999,1989,1999,501CE-NONPROFIT,"1989-1999, 2012-2024"
P2TPYTAX,payroll_taxes,payroll_taxes,description_jaccard,0.5,990:payrolltx,Payroll taxes-col. A (total),Payroll taxes-col. A (total),Part II:  Statement of Functional Expenses,Numeric,3,1997-1999,1997,1999,501CE-NONPROFIT,"1997-1999, 2012-2024"
P2TWAGES,other_salaries_wages,other_salaries_wages,description_jaccard,0.5,990:othrsalwages,Other salaries & wages-col. A (total),Other salaries & wages-col. A (total),Part II:  Statement of Functional Expenses,Numeric,3,1997-1999,1997,1999,501CE-NONPROFIT,"1997-1999, 2012-2024"
P4B_ASST,total_assets_boy,total_assets_eoy,description_jaccard,0.5,990ez:totassetsend,Total assets- beg. of year,Total assets- beg. of year,Part IV:  Balance Sheets,Numeric,11,1989-1999,1989,1999,501CE-NONPROFIT,1989-1999
P4B_BOND,tax_exempt_bonds_boy,tax_exempt_bonds_eoy,description_jaccard,0.571,990:txexmptbndsend,Tax-exempt bond liabilities- beg. of year,Tax-exempt bond liabilities- beg. of year,Part IV:  Balance Sheets,Numeric,3,1997-1999,1997,1999,501CE-NONPROFIT,1997-1999
P4B_LIAB,total_liabilities_boy,total_liabilities_eoy,description_jaccard,0.5,990ez:totliabend,Total liabilities- beg. of year,Total liabilities- beg. of year,Part IV:  Balance Sheets,Numeric,11,1989-1999,1989,1999,501CE-NONPROFIT,1989-1999
P4B_MORT,secured_mortgages_boy,secured_mortgages_eoy,description_jaccard,0.333,990:secrdmrtgsend,Mortgages & other notes payable- beg. of year,Mortgages & other notes payable- beg. of year,Part IV:  Balance Sheets,Numeric,3,1997-1999,1997,1999,501CE-NONPROFIT,1997-1999
P4E_ASST,total_assets_eoy,total_assets_eoy,description_jaccard,0.5,990ez:totassetsend,Total assets- end of year,Total assets- end of year,Part IV:  Balance Sheets,Numeric,11,1989-1999,1989,1999,501CE-NONPROFIT,"1989-1999, 2012-2024"
P4E_BOND,tax_exempt_bonds_eoy,tax_exempt_bonds_eoy,description_jaccard,0.571,990:txexmptbndsend,Tax-exempt bond liabilities- end of year,Tax-exempt bond liabilities- end of year,Part IV:  Balance Sheets,Numeric,3,1997-1999,1997,1999,501CE-NONPROFIT,"1997-1999, 2012-2024"
P4E_LIAB,total_liabilities_eoy,total_liabilities_eoy,description_jaccard,0.5,990ez:totliabend,Total liabilities- end of year,Total liabilities- end of year,Part IV:  Balance Sheets,Numeric,11,1989-1999,1989,1999,501CE-NONPROFIT,"1989-1999, 2012-2024"
P4E_MORT,secured_mortgages_eoy,secured_mortgages_eoy,description_jaccard,0.333,990:secrdmrtgsend,Mortgages & other notes payable- end of year,Mortgages & other notes payable- end of year,Part IV:  Balance Sheets,Numeric,3,1997-1999,1997,1999,501CE-NONPROFIT,"1997-1999, 2012-2024"
P4E_RET1,"","",skipped_bmf_origin,,"","","","","",3,1997-1999,1997,1999,501CE-NONPROFIT,""
P4E_RETN,retained_earnings_eoy,"",below_threshold,0.125,"","Retained earns, endowmts, accum. Income- end of ye","Retained earns, endowmts, accum. Income- end of year",Part IV:  Balance Sheets,Numeric,11,1989-1999,1989,1999,501CE-NONPROFIT,"1989-1999, 2012-2024"
P6INIFEE,initiation_fees,"",below_threshold,0.2,"","Initiation fees (86a), c7 orgs","Initiation fees, line 86a, only for 501(c)(7) organizations",Part VI: Other Information,Numeric,11,1989-1999,1989,1999,501CE-NONPROFIT,"1989-1999, 2012-2024"
P6MEMINC,gross_income_members,gross_income_members,description_jaccard,0.3,990:grsincmembers,"Gross income, members (c)(12)s","Gross income - members, line 87a, only for 501(c)(12) organizations",Part VI: Other Information,Numeric,11,1989-1999,1989,1999,501CE-NONPROFIT,"1989-1999, 2012-2024"
P6OTHINC,gross_income_other,gross_income_other,description_jaccard,0.364,990:grsincother,"Gross income, other, (c)(12)s","Gross income - other sources, line 87b, only for 501(c)(12) organizations",Part VI: Other Information,Numeric,11,1989-1999,1989,1999,501CE-NONPROFIT,"1989-1999, 2012-2024"
P6POLEXP,political_expenditures,political_expenditures,description_jaccard,0.4,990ez:politicalexpend,Political Exp.,Political expenditures,Part VI: Other Information,Numeric,11,1989-1999,1989,1999,501CE-NONPROFIT,"1989-1999, 2013-2024"
P6PUBINC,gross_income_public,"",below_threshold,0.1875,"","Gross income, gen.public, c7s","Gross income - general public, line 86b, only for 501(c)(7) organizations",Part VI: Other Information,Numeric,11,1989-1999,1989,1999,501CE-NONPROFIT,1989-1999
P6UNRELB,unrelated_business_income_1k_cd,unrelated_business_income_1k_cd,description_jaccard,0.429,990:unrelbusinccd,"Unrel. Bus. Gross Income >$1,000 in Yr?","Unrelated business gross income >$1,000 in yr?",Part VI: Other Information,Character,11,1989-1999,1989,1999,501CE-NONPROFIT,"1989-1999, 2012-2024"
P7DIVRIN,investment_income,"",below_threshold,0.214285714,"",Dividends- Col. E (rel't/ex Inc),Dividends & interest from securities-col. E (related or exempt function income),Part II:  Statement of Functional Expenses,Numeric,3,1997-1999,1997,1999,501CE-NONPROFIT,"1997-1999, 2012-2024"
P7ESTRIN,rental_expense_real,"",below_threshold,0.2,"",Rental exp. (97(d)),"Rental expenses, line 97(d)",Part II:  Statement of Functional Expenses,Numeric,3,1997-1999,1997,1999,501CE-NONPROFIT,"1997-1999, 2012-2024"
P7INTXAT,interest_expense,"",below_threshold,0.142857143,"",Interest-col.D,"Interest on savings & temp cash invstmt-col. D (excl by s.512,513 or 514, amount)",Part II:  Statement of Functional Expenses,Numeric,3,1997-1999,1997,1999,501CE-NONPROFIT,"1997-1999, 2013-2024"
P7INVRIN,investment_income,investment_income,description_jaccard,0.4,990:invstmntinc,Other invest. income (99(d)),"Other investment income, line 99(d)",Part II:  Statement of Functional Expenses,Numeric,3,1997-1999,1997,1999,501CE-NONPROFIT,"1997-1999, 2012-2024"
PAYTAX,payroll_taxes,"",below_threshold,0.153846154,"",Payroll Taxes,"Payroll taxes Old 990 (DocCD=90): Part II, Line 29, Col (A) New 990 (DocCD=93): Part IX Line 10 (A) 990EZ (DocCD=09 and 92): Not Available","Revenues, Expenses, and Change in Net Assets",Numeric,15,1997-2011,1997,2011,501C3-CHARITIES|501CE-NONPROFIT,1997-2024
PMSA,"","",below_threshold,0.0625,"",Primary MSA,Primary Metropolitan Statistical Area - the component areas that comprise a CMSA (76 PMSAs as of 1995). ( list ),Basic Info,Character,23,1989-2011,1989,2011,501C3-CHARITIES|501CE-NONPROFIT,""
POLPURP,political_expenditures,"",below_threshold,0.25,"",Political Expenditures,"Direct and indirect political expenditures Old 990 (DocCD=90): Part VI, Line 81a Old 990EZ (DocCD=09): Part V, Line 37a New 990 (DocCD=93) and New 990EZ (DocCD=92): Not available",Other Information,Numeric,22,1989-2010,1989,2010,501C3-CHARITIES|501CE-NONPROFIT,"1989-2010, 2013-2024"
POPCD,"","",skipped_bmf_origin,,"","","","","",14,"1991, 1994, 1996-2002, 2004, 2007-2010",1991,2010,501C3-CHARITIES|501CE-NONPROFIT,""
POPCODE,"","",skipped_bmf_origin,,"","","","","",5,"1989-1990, 1992-1993, 1995",1989,1995,501CE-NONPROFIT,""
PRFNDNCD,"","",skipped_bmf_origin,,"","","","","",3,1997-1999,1997,1999,501CE-NONPROFIT,""
PROGREV,program_service_revenue,"",below_threshold,0.059701493,"",Program Service Revenue,"Program service revenue Old 990 (DocCD=90): Part I, Line 2 New 990 (DocCD=93): Part VIII Line 2g (A) - includes amounts reported as DUES in Part I, Line 3 of Form 990 prior to 2008 990EZ (DocCD=09 and 92): Part I, Line 2 IMPORTANT NOTE: Amounts reported as DUES in Part I, Line 3 of Form 990 prior to tax year 2008 are reported as Program Service Revenue in Part VIII, Line 2g (PROGREV) of Form 990 beginning in tax year 2008. For this reason, DUES is not available in Core PC and CO files circa 2011 and newer. For this reason, the following adjustment will be necessary for comparison of PROGREV and DUES revenue components in Core files prior to 2011: [PROGREV+DUES in Core files prior to 2011] = [PROGREV in Core files 2011 and later]. Due to Form 990 revisions in tax year 2008: NCCS strongly recommends combining DUES and PROGREV revenue components for all analysis involving Core files containing both Old 990 (DocCD=90) and New 990 (DocCD=93) return data (Core files 2008-2010), and for all time-series analysis spanning Core file years 2008 and newer.","Revenues, Expenses, and Change in Net Assets",Numeric,23,1989-2011,1989,2011,501C3-CHARITIES|501CE-NONPROFIT,1989-2024
PayAfflCode,"",payments_to_affiliates,description_jaccard,0.4,990:pymtoaffiliates,Code for Payments to affiliates,Code for Estimated Payments to affiliates,Supplemental fields (Authorized Users Only),Character,13,1998-2010,1998,2010,501C3-CHARITIES,""
PayAfflEstimate,payments_to_affiliates,payments_to_affiliates,description_jaccard,0.667,990:pymtoaffiliates,Payments to affiliates,Estimated Payments to affiliates,Supplemental fields (Authorized Users Only),Numeric,13,1998-2010,1998,2010,501C3-CHARITIES,"1998-2010, 2013-2024"
PayAfflYr,"",payments_to_affiliates,description_jaccard,0.5,990:pymtoaffiliates,Year of Payments to affiliates,Year of Estimated Payments to affiliates,Supplemental fields (Authorized Users Only),Numeric,13,1998-2010,1998,2010,501C3-CHARITIES,""
PermRnaCode,"",permanently_restricted_net_assets_eoy,description_jaccard,0.5,990:permrstrctnetasstsend,Code for Permanently restricted net assets,Code for Estimated Permanently restricted net assets,Supplemental fields (Authorized Users Only),Character,13,1998-2010,1998,2010,501C3-CHARITIES,""
PermRnaEstimate,permanently_restricted_net_assets_eoy,permanently_restricted_net_assets_eoy,description_jaccard,0.667,990:permrstrctnetasstsend,Permanently restricted net assets,Estimated Permanently restricted net assets,Supplemental fields (Authorized Users Only),Numeric,13,1998-2010,1998,2010,501C3-CHARITIES,"1998-2010, 2013-2024"
PermRnaYr,"",permanently_restricted_net_assets_eoy,description_jaccard,0.571,990:permrstrctnetasstsend,Year of Permanently restricted net assets,Year of Estimated Permanently restricted net assets,Supplemental fields (Authorized Users Only),Numeric,13,1998-2010,1998,2010,501C3-CHARITIES,""
ProgExpCode,"","",below_threshold,0.117647059,"","","Program Services Expenses Code(Identifies which file the estimate was taken from SOI, Core, etc.)",Supplemental fields (Authorized Users Only),Character,4,2007-2010,2007,2010,501C3-CHARITIES,""
ProgExpEstimate,program_service_expense,"",below_threshold,0.2,"","",Program Services Estimate,Supplemental fields (Authorized Users Only),Numeric,4,2007-2010,2007,2010,501C3-CHARITIES,2007-2010
ProgExpYr,"","",below_threshold,0.076923077,"","",Program Services Estimate Year (Identifies the Fiscal Year from which the estimate was taken),Supplemental fields (Authorized Users Only),Numeric,4,2007-2010,2007,2010,501C3-CHARITIES,""
Q78A,"","",below_threshold,0.136363636,"",UBI Indicator,"Unrelated business gross income (UBI) of $1,000 or more during the year Old 990 (DocCD=90): Part VI, Question 78a New 990 (DocCD=93): Part V Line 3a 990EZ (DocCD=09 and 92): Part V, Question 35a",Other Information,Character,12,2000-2011,2000,2011,501C3-CHARITIES|501CE-NONPROFIT,""
RASCD,"","",skipped_bmf_origin,,"","","","","",22,1989-2010,1989,2010,501C3-CHARITIES|501CE-NONPROFIT,""
REASON,non_pf_status_reason,"",below_threshold,0.210526316,"",Non-Private Foundation Reason Code,"Reason for non-private foundation status Old 990 (DocCD=90) and Old 990EZ (DocCD=09): Sch A, Part IV, Left Margin New 990 (DocCD=93) and New 990EZ (DocCD=92): Not available",Schedule A,Character,23,1989-2011,1989,2011,501C3-CHARITIES|501CE-NONPROFIT,1989-2024
RECCODE,"","",skipped_bmf_origin,,"","","","","",11,"1997-2002, 2004, 2007-2010",1997,2010,501C3-CHARITIES|501CE-NONPROFIT,""
RENTEXP,rental_expense_real,"",below_threshold,0.105263158,"",Rental Expenses,"Rental expenses Old 990 (DocCD=90): Part I, Line 6b New 990 (DocCD=93): Sum of Part VIII Lines 6b(i) and 6b(ii) 990EZ (DocCD=09 and 92): Not Available","Revenues, Expenses, and Change in Net Assets",Numeric,22,"1989, 1991-2011",1989,2011,501C3-CHARITIES|501CE-NONPROFIT,"1989, 1991-2024"
RENTINC,gross_rents,"",below_threshold,0.125,"",Gross Rents,"Gross rents Old 990 (DocCD=90): Part I, Line 6a New 990 (DocCD=93): Sum of Part VIII Line 6a (i) and 6a (ii) 990EZ (DocCD=09 and 92): Not Available","Revenues, Expenses, and Change in Net Assets",Numeric,15,1997-2011,1997,2011,501C3-CHARITIES|501CE-NONPROFIT,1997-2011
RESERVED,"","",skipped_bmf_origin,,"","","","","",11,"1997-2002, 2004, 2007-2010",1997,2010,501C3-CHARITIES|501CE-NONPROFIT,""
RETEARN,retained_earnings_eoy,"",below_threshold,0.1875,"",Retained Earnings - EOY,"Retained earnings at end of year Old 990 (DocCD=90): Part IV, Line 72, Col (B) New 990 (DocCD=93): Part X Line 32 (B) 990EZ (DocCD=09 and 92): Not Available",Balance Sheet,Numeric,23,1989-2011,1989,2011,501C3-CHARITIES|501CE-NONPROFIT,1989-2024
RETE_BOY,net_rent_real,"",below_threshold,0.117647059,"",Retained Earnings - BOY,"Retained earnings at beginning of year Old 990 (DocCD=90): Part IV, Line 72, Col (A) New 990 (DocCD=93) and 990EZ (DocCD=09 and 92): Not available",Balance Sheet,Numeric,15,1997-2011,1997,2011,501C3-CHARITIES|501CE-NONPROFIT,1997-2024
REXPCD,"","",skipped_bmf_origin,,"","","","","",22,1989-2010,1989,2010,501C3-CHARITIES|501CE-NONPROFIT,""
RINCCD,"","",skipped_bmf_origin,,"","","","","",22,1989-2010,1989,2010,501C3-CHARITIES|501CE-NONPROFIT,""
RREVCD,"","",skipped_bmf_origin,,"","","","","",20,1991-2010,1991,2010,501C3-CHARITIES|501CE-NONPROFIT,""
RULEDATE,"","",below_threshold,0.117647059,"",Ruling date (YYYYMM) from IRS,Ruling date: year and month of IRS ruling or determination letter recognizing orgs exempt status (YYYYMM),Other Descriptive Info,Character,23,1989-2011,1989,2011,501C3-CHARITIES|501CE-NONPROFIT,""
RandNum,"","",below_threshold,0.142857143,"",Random number between 0 and 1,Random number between 0 and 1 used for creating samples,Miscellaneous,Numeric,23,1989-2011,1989,2011,501C3-CHARITIES|501CE-NONPROFIT,""
SALEOTHE,cost_basis_other_assets,cost_basis_other_assets,description_jaccard,0.375,990ez:basisalesexpnsothr,Cost Basis: Sale of Other Assets,"Cost or other basis and sales expenses: other assets Old 990 (DocCD=90): Part I, Line 8b (B) New 990 (DocCD=93): Part VIII Line 7b (ii) 990EZ (DocCD=09 and 92): Part I, Line 5b","Revenues, Expenses, and Change in Net Assets",Numeric,15,1997-2011,1997,2011,501C3-CHARITIES|501CE-NONPROFIT,1997-2024
SALEOTHG,gross_sales_other,"",below_threshold,0.266666667,"",Gross Sales of Other Assets,"Gross receipts from sales of other assets Old 990 (DocCD=90): Part I, Line 8a (B) New 990 (DocCD=93): Part VIII Line 7a (ii) 990EZ (DocCD=09 and 92): Part I, Line 5a","Revenues, Expenses, and Change in Net Assets",Numeric,15,1997-2011,1997,2011,501C3-CHARITIES|501CE-NONPROFIT,1997-2024
SALEOTHN,net_gain_loss_other,net_gain_loss_other,description_jaccard,0.353,990:gnlsothr,Net Gain/Loss: Sale of Other Assets,"Net gain/loss from sales of other assets Old 990 (DocCD=90): Part I, Line 8c (B) New 990 (DocCD=93): Part VIII Line 7c (ii) 990EZ (DocCD=09 and 92): Part I, Line 5c","Revenues, Expenses, and Change in Net Assets",Numeric,15,1997-2011,1997,2011,501C3-CHARITIES|501CE-NONPROFIT,1997-2024
SALES,"","",skipped_bmf_origin,,"","","","","",22,1989-2010,1989,2010,501C3-CHARITIES|501CE-NONPROFIT,""
SALESECN,net_gain_loss_securities,"",below_threshold,0.277777778,"",Net Gain/Loss: Sale of Securities,"Net gain/loss from sales of securities Old 990 (DocCD=90): Part I, Line 8c (A) New 990 (DocCD=93): Part VIII Line 7c (i) 990EZ (DocCD=09 and 92): Not Available","Revenues, Expenses, and Change in Net Assets",Numeric,15,1997-2011,1997,2011,501C3-CHARITIES|501CE-NONPROFIT,1997-2024
SALESEXP,cost_basis_securities,cost_basis_other_assets,description_jaccard,0.333,990ez:basisalesexpnsothr,Cost Basis: Sale of Securities,"Cost or other basis and sales expenses: securities Old 990 (DocCD=90): Part I, Line 8b (A) New 990 (DocCD=93): Part VIII Line 7b(i) 990EZ (DocCD=09 and 92): Not Available","Revenues, Expenses, and Change in Net Assets",Numeric,23,1989-2011,1989,2011,501C3-CHARITIES|501CE-NONPROFIT,1989-2024
SAVINT,gross_income_interest_sec170,"",below_threshold,0.294117647,"",Interest Revenue,"Interest on savings and temporary cash investments Old 990 (DocCD=90): Part I, Line 4 New 990 (DocCD=93) and 990EZ (DocCD=09 and 92): Not available","Revenues, Expenses, and Change in Net Assets",Numeric,14,1997-2010,1997,2010,501C3-CHARITIES|501CE-NONPROFIT,"1997-2010, 2012-2024"
SECINC,investment_income,"",below_threshold,0.117647059,"",Dividends,"Dividends and interest from securities Old 990 (DocCD=90): Part I, Line 5 New 990 (DocCD=93) and 990EZ (DocCD=09 and 92): Not available","Revenues, Expenses, and Change in Net Assets",Numeric,14,1997-2010,1997,2010,501C3-CHARITIES|501CE-NONPROFIT,"1997-2010, 2012-2024"
SECUR,gross_sales_securities,"",below_threshold,0.1875,"",Gross Sales of Securities,"Gross receipts from sales of securities Old 990 (DocCD=90): Part I, Line 8a (A) New 990 (DocCD=93): Part VIII Line 7a(i) 990EZ (DocCD=09 and 92): Not Available","Revenues, Expenses, and Change in Net Assets",Numeric,23,1989-2011,1989,2011,501C3-CHARITIES|501CE-NONPROFIT,1989-2024
SEC_NAME,"","",below_threshold,0.166666667,"",Sort Name (Secondary name),Secondary organization name,Other Descriptive Info,Character,23,1989-2011,1989,2011,501C3-CHARITIES|501CE-NONPROFIT,""
SOIYR,"","",below_threshold,0.125,"",Starting year,Starting year for org's fiscal year.,Miscellaneous,Character,12,"1997-2002, 2004, 2007-2011",1997,2011,501C3-CHARITIES|501CE-NONPROFIT,""
SOLICIT,fundraising_events_direct_expenses,"",below_threshold,0.153846154,"",Fundraising Expenses,"Total fundraising expenses Old 990 (DocCD=90): Part I, Line 15 New 990 (DocCD=93) and 990EZ (DocCD=09 and 92): Not available","Revenues, Expenses, and Change in Net Assets",Numeric,22,1989-2010,1989,2010,501C3-CHARITIES|501CE-NONPROFIT,"1989-2010, 2012-2024"
SOURCE,"","",skipped_bmf_origin,,"","","","","",22,"1989-1998, 2000-2011",1989,2011,501C3-CHARITIES|501CE-NONPROFIT,""
SPEVTG,gross_income_gaming_activities,"",below_threshold,0.235294118,"",Special Events Gross Revenue,"Gross revenue from special events and activities Old 990 (DocCD=90): Part I, Line 9a (right) New 990 (DocCD=93): Sum of Part VIII Line 8a and 9a 990EZ (DocCD=09 and 92): Part I, Line 6a","Revenues, Expenses, and Change in Net Assets",Numeric,16,"1989, 1997-2011",1989,2011,501C3-CHARITIES|501CE-NONPROFIT,"1989, 1997-2024"
STATE,"","",below_threshold,0,"",State,Two-letter state abbreviation.,Basic Info,Character,23,1989-2011,1989,2011,501C3-CHARITIES|501CE-NONPROFIT,""
STYEAR,"","",below_threshold,0.083333333,"",Starting Year,"Starting year (yyyy when fiscal year began, which is also the tax form year)",Basic Info,Character,23,1989-2011,1989,2011,501C3-CHARITIES|501CE-NONPROFIT,""
SUBCATEGORY,"","",skipped_bmf_origin,,"","","","","",4,1995-1998,1995,1998,501C3-CHARITIES,""
SUBSECCD,subsection_cd,subsection_cd,exact_source_name,,990:subseccd,Subsection code,"IRS subsection code (03=501(c)(3), etc.)",Classification,Character,23,1989-2011,1989,2011,501C3-CHARITIES|501CE-NONPROFIT,1989-2024
TAXPER,tax_period,"",below_threshold,0.090909091,"",Ending date for tax period,"Ending date for tax period of financial data. Core files for 1997 on are in """"""""""""""""""""""""""""""""""""""""""""""""""""""""""""""""""""""""""""""""""""""""""""""""""""""""""""""""""""""""""""""""yyyymm"""""""""""""""""""""""""""""""""""""""""""""""""""""""""""""""""""""""""""""""""""""""""""""""""""""""""""""""""""""""""""""""" format (199412=Dec. 1994). Earlier years use 2-digit year (""""""""""""""""""""""""""""""""""""""""""""""""""""""""""""""""""""""""""""""""""""""""""""""""""""""""""""""""""""""""""""""""9412"""""""""""""""""""""""""""""""""""""""""""""""""""""""""""""""""""""""""""""""""""""""""""""""""""""""""""""""""""""""""""""""").",Basic Info,Character,23,1989-2011,1989,2011,501C3-CHARITIES|501CE-NONPROFIT,1989-2024
TAXREV4,tax_revenues_levied_sec170,"",below_threshold,0.142857143,"",Total Tax Levies,"Tax revenues levied for organization benefit Old 990 (DocCD=90) and Old 990EZ (DocCD=09): Sch A, Part IV-A, Line 20, Col (e) New 990 (DocCD=93) and New 990EZ (DocCD=92): Not available",Schedule A,Numeric,14,1997-2010,1997,2010,501C3-CHARITIES|501CE-NONPROFIT,"1997-2010, 2012-2024"
TOTLOB,total_lobbying_sec170,"",below_threshold,0.181818182,"","Total lobbying: SchA,IV-A","Total lobbying (Sch A, Part VI-A), line 38b",Schedule A,Numeric,12,1999-2010,1999,2010,501C3-CHARITIES|501CE-NONPROFIT,1999-2010
TOTREV,total_revenue,"",below_threshold,0.076923077,"",Total Revenue (calculated),Calculation of total revenue is based on version of Form 990/990EZ (see DocCD) Old 990 (DocCD=90) and Old 990EZ (DocCD=09): calculated as (CONT + PROGREV + DUES + INVINC + NETRENT + SALESECN + SALEOTHN + FUNDINC + GRPROF + OTHINC) New 990 (DocCD=93) and New 990EZ (DocCD=92): calculated as (EXPS + NETINC),"Revenues, Expenses, and Change in Net Assets",Numeric,23,1989-2011,1989,2011,501C3-CHARITIES|501CE-NONPROFIT,1989-2024
TOTREV2,total_revenue,"",below_threshold,0.181818182,"",Total Revenue,"Total revenue Old 990 (DocCD=90): Part I, Line 12 New 990 (DocCD=93): Part VIII Line 12 (A) 990EZ (DocCD=09 and 92): Part I, Line 9","Revenues, Expenses, and Change in Net Assets",Numeric,15,1997-2011,1997,2011,501C3-CHARITIES|501CE-NONPROFIT,1997-2024
TempRnaCode,"",temporarily_restricted_net_assets_eoy,description_jaccard,0.5,990:temprstrctnetasstsend,Code for Temporarily restricted net assets,Code for Estimated Temporarily restricted net assets,Supplemental fields (Authorized Users Only),Character,13,1998-2010,1998,2010,501C3-CHARITIES,""
TempRnaEstimate,temporarily_restricted_net_assets_eoy,temporarily_restricted_net_assets_eoy,description_jaccard,0.667,990:temprstrctnetasstsend,Temporarily restricted net assets,Estimated Temporarily restricted net assets,Supplemental fields (Authorized Users Only),Numeric,13,1998-2010,1998,2010,501C3-CHARITIES,"1998-2010, 2013-2024"
TempRnaYr,"",temporarily_restricted_net_assets_eoy,description_jaccard,0.571,990:temprstrctnetasstsend,Year of Temporarily restricted net assets,Year of Estimated Temporarily restricted net assets,Supplemental fields (Authorized Users Only),Numeric,13,1998-2010,1998,2010,501C3-CHARITIES,""
UnaseoyCode,"",unrestricted_net_assets_eoy,description_jaccard,0.429,990:unrstrctnetasstsend,Code for Unrestricted net assets,Code for Estimated Unrestricted net assets,Supplemental fields (Authorized Users Only),Character,13,1998-2010,1998,2010,501C3-CHARITIES,""
UnaseoyEstimate,unrestricted_net_assets_eoy,unrestricted_net_assets_eoy,description_jaccard,0.6,990:unrstrctnetasstsend,Unrestricted net assets,Estimated Unrestricted net assets,Supplemental fields (Authorized Users Only),Numeric,13,1998-2010,1998,2010,501C3-CHARITIES,"1998-2010, 2013-2024"
UnaseoyYr,"",unrestricted_net_assets_eoy,description_jaccard,0.5,990:unrstrctnetasstsend,Year of Unrestricted net assets,Year of Estimated Unrestricted net assets,Supplemental fields (Authorized Users Only),Numeric,13,1998-2010,1998,2010,501C3-CHARITIES,""
VBS,"","",skipped_bmf_origin,,"","","","","",12,"1989-1998, 2002, 2004",1989,2004,501C3-CHARITIES|501CE-NONPROFIT,""
VERIFY,"","",below_threshold,0,"",Financials have been verified,Financials have been verified,Internal Processing,Character,23,1989-2011,1989,2011,501C3-CHARITIES|501CE-NONPROFIT,""
VFB,"","",skipped_bmf_origin,,"","","","","",10,1989-1998,1989,1998,501C3-CHARITIES,""
VINCEXP,"","",skipped_bmf_origin,,"","","","","",12,"1989-1998, 2002, 2004",1989,2004,501C3-CHARITIES|501CE-NONPROFIT,""
VINCTYPE,"","",skipped_bmf_origin,,"","","","","",10,1989-1998,1989,1998,501C3-CHARITIES,""
VOK,"","",skipped_bmf_origin,,"","","","","",12,"1989-1998, 2002, 2004",1989,2004,501C3-CHARITIES|501CE-NONPROFIT,""
V_BOYAL,"","",skipped_bmf_origin,,"","","","","",3,1997-1999,1997,1999,501C3-CHARITIES,""
V_CONT,"","",skipped_bmf_origin,,"","","","","",3,1997-1999,1997,1999,501C3-CHARITIES,""
V_EOYAL,"","",skipped_bmf_origin,,"","","","","",3,1997-1999,1997,1999,501C3-CHARITIES,""
V_FB,"","",skipped_bmf_origin,,"","","","","",3,1997-1999,1997,1999,501C3-CHARITIES,""
V_FREXP,"","",skipped_bmf_origin,,"","","","","",3,1997-1999,1997,1999,501C3-CHARITIES,""
V_GREC,"","",skipped_bmf_origin,,"","","","","",3,1997-1999,1997,1999,501C3-CHARITIES,""
V_REVEXP,"","",skipped_bmf_origin,,"","","","","",3,1997-1999,1997,1999,501C3-CHARITIES,""
Verifyby,"","",skipped_bmf_origin,,"","","","","",3,"2002, 2007, 2009",2002,2009,501C3-CHARITIES|501CE-NONPROFIT,""
ZIP,"",subsection_cd,description_jaccard,0.333,990:subseccd,Zip code + 4,ZIP code.,Basic Info,Character,23,1989-2011,1989,2011,501C3-CHARITIES|501CE-NONPROFIT,""
ZIP5,"","",below_threshold,0.2,"","Zip code, 5 digits",First 5 digits of zip code,Basic Info,Character,23,1989-2011,1989,2011,501C3-CHARITIES|501CE-NONPROFIT,""
cityOld1,"","",skipped_bmf_origin,,"","","","","",16,1989-2004,1989,2004,501C3-CHARITIES|501CE-NONPROFIT,""
epostcard,"","",skipped_bmf_origin,,"","","","","",4,2008-2011,2008,2011,501C3-CHARITIES|501CE-NONPROFIT,""
estTAXPER,"","",skipped_bmf_origin,,"","","","","",8,1989-1996,1989,1996,501CE-NONPROFIT,""
estp1totrev,"","",skipped_bmf_origin,,"","","","","",6,1991-1996,1991,1996,501CE-NONPROFIT,""
fincheckv,"","",skipped_bmf_origin,,"","","","","",5,"2002, 2004, 2007, 2009-2010",2002,2010,501C3-CHARITIES|501CE-NONPROFIT,""
gftgrntsrcvd170,gifts_grants_received_sec170,gifts_grants_received_sec170,opted_in_from_dropped,,"",Gifts grants membership fees received (170),"Total gifts grants membership fees received: 170(b)(1)(A)(iv) and 170(b)(1)(A)(vi) Old 990 and Old 990EZ (DocCD=90 and 09): Not Available New 990 and New 990EZ (DocCD=93 and 92): Schedule A, Part II-A Public Support, Line 1(f)",Schedule A,Numeric,1,2011,2011,2011,501C3-CHARITIES|501CE-NONPROFIT,2011-2024
grsinc170,gross_income_interest_sec170,gross_income_interest_sec170,opted_in_from_dropped,,"","Gross income from interest, etc. (170)","Total gross income from interest, etc.: 170(b)(1)(A)(iv) and 170(b)(1)(A)(vi) Old 990 and Old 990EZ (DocCD=90 and 09): Not Available New 990 and New 990EZ (DocCD=93 and 92): Schedule A, Part II-B Total Support, Line 8(f)",Schedule A,Numeric,1,2011,2011,2011,501C3-CHARITIES|501CE-NONPROFIT,2011-2024
grsincfndrsng,gross_income_fundraising_events,gross_income_fundraising_events,opted_in_from_dropped,,"",Gross income fundraising events,"Gross income from fundraising events Old 990 and 990EZ (DocCD=90, 09 and 92): Not Available New 990 (DocCD=93): Part VIII Line 8a","Revenues, Expenses, and Change in Net Assets",Numeric,1,2011,2011,2011,501C3-CHARITIES|501CE-NONPROFIT,2011-2024
grsincgaming,gross_income_gaming_activities,gross_income_gaming_activities,opted_in_from_dropped,,"",Gross income gaming,"Gross income from gaming activities Old 990 and 990EZ (DocCD=90, 09 and 92): Not Available New 990 (DocCD=93): Part VIII Line 9a","Revenues, Expenses, and Change in Net Assets",Numeric,1,2011,2011,2011,501C3-CHARITIES|501CE-NONPROFIT,2011-2024
grsrcptsadmissn509,gross_receipts_admissions_sec509,gross_receipts_admissions_sec509,opted_in_from_dropped,,"","Receipts from admissions, merchandise, etc. (509)","Total receipts from admissions, merchandise, etc.: 509(a)(2) Old 990 and Old 990EZ (DocCD=90 and 09): Not Available New 990 and New 990EZ (DocCD=93 and 92): Schedule A, Part III-A Public Support, Line 2(f)",Schedule A,Numeric,1,2011,2011,2011,501C3-CHARITIES|501CE-NONPROFIT,2011-2024
grsrcptsrelated170,gross_receipts_related_activities_sec170,gross_receipts_related_activities_sec170,opted_in_from_dropped,,"",Gross receipts from related activities (170),"Total gross receipts from related activities, etc.: 170(b)(1)(A)(iv) and 170(b)(1)(A)(vi) Old 990 and Old 990EZ (DocCD=90 and 09): Not Available New 990 and New 990EZ (DocCD=93 and 92): Schedule A, Part II-B Total Support, Line 12",Schedule A,Numeric,1,2011,2011,2011,501C3-CHARITIES|501CE-NONPROFIT,2011-2024
grsrntsprsnl,gross_rents_personal,gross_rents_personal,opted_in_from_dropped,,"","Gross Rents, Personal","Gross rents, Personal Old 990 and 990EZ (DocCD=90, 09 and 92): Not Available New 990 (DocCD=93): Part VIII Line 6a (ii)","Revenues, Expenses, and Change in Net Assets",Numeric,1,2011,2011,2011,501C3-CHARITIES|501CE-NONPROFIT,2011-2024
grsrntsreal,gross_rents_real,gross_rents_real,opted_in_from_dropped,,"","Gross Rents, Real Estate","Gross rents, Real Estate Old 990 and 990EZ (DocCD=90, 09 and 92): Not Available New 990 (DocCD=93): Part VIII Line 6a (i)","Revenues, Expenses, and Change in Net Assets",Numeric,1,2011,2011,2011,501C3-CHARITIES|501CE-NONPROFIT,2011-2024
lessdirfndrsng,fundraising_events_direct_expenses,fundraising_events_direct_expenses,opted_in_from_dropped,,"",Fundraising event expenses,"Fundraising events direct expenses Old 990 and 990EZ (DocCD=90, 09 and 92): Not Available New 990 (DocCD=93): Part VIII Line 8b","Revenues, Expenses, and Change in Net Assets",Numeric,1,2011,2011,2011,501C3-CHARITIES|501CE-NONPROFIT,2011-2024
lessdirgaming,gaming_activities_direct_expenses,gaming_activities_direct_expenses,opted_in_from_dropped,,"",Gaming activity expenses,"Gaming activities direct expenses Old 990 and 990EZ (DocCD=90, 09 and 92): Not Available New 990 (DocCD=93): Part VIII Line 9b","Revenues, Expenses, and Change in Net Assets",Numeric,1,2011,2011,2011,501C3-CHARITIES|501CE-NONPROFIT,2011-2024
nInvLndCode,"","",below_threshold,0.1,"","","Net Invest- Land, Bldg & Equip Code (Identifies which file the estimate was taken from SOI, Core, etc.)",Supplemental fields (Authorized Users Only),Character,11,1998-2008,1998,2008,501C3-CHARITIES,""
nInvLndEstimate,land_bldg_equip_eoy,"",below_threshold,0.222222222,"","","Net Invest- Land, Bldg & Equip Estimate",Supplemental fields (Authorized Users Only),Numeric,11,1998-2008,1998,2008,501C3-CHARITIES,"1998-2008, 2013-2024"
nInvLndYr,"","",below_threshold,0.117647059,"","","Net Invest- Land, Bldg & Equip Year (Identifies the Fiscal Year from which the estimate was taken)",Supplemental fields (Authorized Users Only),Numeric,11,1998-2008,1998,2008,501C3-CHARITIES,""
netincfndrsng,net_income_fundraising_events,net_income_fundraising_events,opted_in_from_dropped,,"",Fundraising events net income,"Net income (loss) from fundraising events Old 990 and 990EZ (DocCD=90, 09 and 92): Not Available New 990 (DocCD=93): Part VIII Line 8c","Revenues, Expenses, and Change in Net Assets",Numeric,1,2011,2011,2011,501C3-CHARITIES|501CE-NONPROFIT,2011-2024
netincgaming,net_income_gaming_activities,net_income_gaming_activities,opted_in_from_dropped,,"",Gaming activity net income,"Net income (loss) from gaming activities Old 990 and 990EZ (DocCD=90, 09 and 92): Not Available New 990 (DocCD=93): Part VIII Line 9c","Revenues, Expenses, and Change in Net Assets",Numeric,1,2011,2011,2011,501C3-CHARITIES|501CE-NONPROFIT,2011-2024
nteeConf,"","",below_threshold,0,"",NTEE confidence rating,NTEE classification confidence rating (A/B/C),Classification,Character,23,1989-2011,1989,2011,501C3-CHARITIES|501CE-NONPROFIT,""
nteeFinal,"","",skipped_bmf_origin,,"","","","","",23,1989-2011,1989,2011,501C3-CHARITIES|501CE-NONPROFIT,""
nteeFinal1,"","",skipped_bmf_origin,,"","","","","",23,1989-2011,1989,2011,501C3-CHARITIES|501CE-NONPROFIT,""
ntmaj10,"","",below_threshold,0,"",NTEE major group (10),10 NTEE major groups,Classification,Character,23,1989-2011,1989,2011,501C3-CHARITIES|501CE-NONPROFIT,""
ntmaj12,"","",below_threshold,0.083333333,"",NTEE major group (12),12 NTEE major groups: ntmaj10 plus higher education (BH) and hospitals (EH),Classification,Character,23,1989-2011,1989,2011,501C3-CHARITIES|501CE-NONPROFIT,""
ntmaj5,"","",below_threshold,0,"",Major subsector,Major subsector (5),Classification,Character,23,1989-2011,1989,2011,501C3-CHARITIES|501CE-NONPROFIT,""
p4b_net,total_net_assets_eoy,total_net_assets_eoy,description_jaccard,0.333,990ez:totnetassetsend,Total fund bal - beg of year,Total fund balances or net worth- beginning of year,Part IV:  Balance Sheets,Numeric,3,1997-1999,1997,1999,501CE-NONPROFIT,"1997-1999, 2012-2024"
rntlexpnsprsnl,rental_expense_personal,rental_expense_personal,opted_in_from_dropped,,"","Rental expense, Personal","Rental expenses, Personal Old 990 and 990EZ (DocCD=90, 09 and 92): Not Available New 990 (DocCD=93): Part VIII Line 6b (ii)","Revenues, Expenses, and Change in Net Assets",Numeric,1,2011,2011,2011,501C3-CHARITIES|501CE-NONPROFIT,2011-2024
rntlexpnsreal,rental_expense_real,rental_expense_real,opted_in_from_dropped,,"","Rental expense, Real Estate","Rental expenses, Real Estate Old 990 and 990EZ (DocCD=90, 09 and 92): Not Available New 990 (DocCD=93): Part VIII Line 6b (i)","Revenues, Expenses, and Change in Net Assets",Numeric,1,2011,2011,2011,501C3-CHARITIES|501CE-NONPROFIT,2011-2024
rntlincprsnl,net_rent_personal,net_rent_personal,opted_in_from_dropped,,"","Net Rental Income, Personal","Net Rental Income (loss), Personal Old 990 and 990EZ (DocCD=90, 09 and 92): Not Available New 990 (DocCD=93): Part VIII Line 6c (ii)","Revenues, Expenses, and Change in Net Assets",Numeric,1,2011,2011,2011,501C3-CHARITIES|501CE-NONPROFIT,2011-2024
rntlincreal,net_rent_real,net_rent_real,opted_in_from_dropped,,"","Net Rental Income, Real Estate","Net Rental Income (loss), Real Estate Old 990 and 990EZ (DocCD=90, 09 and 92): Not Available New 990 (DocCD=93): Part VIII Line 6c (i)","Revenues, Expenses, and Change in Net Assets",Numeric,1,2011,2011,2011,501C3-CHARITIES|501CE-NONPROFIT,2011-2024
royaltsinc,royalties_income,royalties_income,opted_in_from_dropped,,"",Royalties,"Royalty income Old 990 and 990EZ (DocCD=90, 09 and 92): Not Available New 990 (DocCD=93): Part VIII Line 5A","Revenues, Expenses, and Change in Net Assets",Numeric,1,2011,2011,2011,501C3-CHARITIES|501CE-NONPROFIT,2011-2024
srvcsval170,gov_services_value_sec170,gov_services_value_sec170,opted_in_from_dropped,,"",Services or facilities furnished by gov (170),"Total value of services or facilities furnished by a governmental unit without charge: 170(b)(1)(A)(iv) and 170(b)(1)(A)(vi) Old 990 and Old 990EZ (DocCD=90 and 09): Not Available New 990 and New 990EZ (DocCD=93 and 92): Schedule A, Part II-A Public Support, Line 3(f)",Schedule A,Numeric,1,2011,2011,2011,501C3-CHARITIES|501CE-NONPROFIT,2011-2024
srvcsval509,gov_services_value_sec509,gov_services_value_sec509,opted_in_from_dropped,,"",Services or facilities furnished by gov (509),"Total value of services or facilities furnished by a governmental unit without charge: 509(a)(2) Old 990 and Old 990EZ (DocCD=90 and 09): Not Available New 990 and New 990EZ (DocCD=93 and 92): Schedule A, Part III-A Public Support, Line 5(f)",Schedule A,Numeric,1,2011,2011,2011,501C3-CHARITIES|501CE-NONPROFIT,2011-2024
stateOld1,"","",skipped_bmf_origin,,"","","","","",16,1989-2004,1989,2004,501C3-CHARITIES|501CE-NONPROFIT,""
subtotsuppinc509,total_support_subtotal_sec509,total_support_subtotal_sec509,opted_in_from_dropped,,"",Subtotal total support (509),"Subtotal total support (lines 10a + 10b): 509(a)(2) Old 990 and Old 990EZ (DocCD=90 and 09): Not Available New 990 and New 990EZ (DocCD=93 and 92): Schedule A, Part III-B Total Support, Line 10c(f)",Schedule A,Numeric,1,2011,2011,2011,501C3-CHARITIES|501CE-NONPROFIT,2011-2024
totgftgrntrcvd509,total_gifts_grants_received_sec509,total_gifts_grants_received_sec509,opted_in_from_dropped,,"",Gifts grants membership fees received (509),"Total gifts, grants, contributions, and membership fees received: 509(a)(2) Old 990 and Old 990EZ (DocCD=90 and 09): Not Available New 990 and New 990EZ (DocCD=93 and 92): Schedule A, Part III-A Public Support, Line 1(f)",Schedule A,Numeric,1,2011,2011,2011,501C3-CHARITIES|501CE-NONPROFIT,2011-2024
totsupp509,total_support_sec509,total_support_sec509,opted_in_from_dropped,,"",Total support (509),"Total support (lines 9 + 10c + 11 + 12): 509(a)(2) Old 990 and Old 990EZ (DocCD=90 and 09): Not Available New 990 and New 990EZ (DocCD=93 and 92): Schedule A, Part III-B Total Support, Line 13(f)",Schedule A,Numeric,1,2011,2011,2011,501C3-CHARITIES|501CE-NONPROFIT,2011-2024
txexmptbndsproceeds,tax_exempt_bonds_proceeds,tax_exempt_bonds_proceeds,opted_in_from_dropped,,"",Tax-exempt bond investment income,"Income from investment of tax-exempt bond proceeds Old 990 and 990EZ (DocCD=90, 09 and 92): Not Available New 990 (DocCD=93): Part VIII Line 4A","Revenues, Expenses, and Change in Net Assets",Numeric,1,2011,2011,2011,501C3-CHARITIES|501CE-NONPROFIT,2011-2024
txrevnuelevied170,tax_revenues_levied_sec170,tax_revenues_levied_sec170,opted_in_from_dropped,,"",Tax revenues levied (170),"Total tax revenues levied: 170(b)(1)(A)(iv) and 170(b)(1)(A)(vi) Old 990 and Old 990EZ (DocCD=90 and 09): Not Available New 990 and New 990EZ (DocCD=93 and 92): Schedule A, Part II-A Public Support, Line 2(f)",Schedule A,Numeric,1,2011,2011,2011,501C3-CHARITIES|501CE-NONPROFIT,2011-2024
txrevnuelevied509,tax_revenues_levied_sec509,tax_revenues_levied_sec509,opted_in_from_dropped,,"",Tax revenues levied (509),"Total Tax revenues levied: 509(a)(2) Old 990 and Old 990EZ (DocCD=90 and 09): Not Available New 990 and New 990EZ (DocCD=93 and 92): Schedule A, Part III-A Public Support, Line 4(f)",Schedule A,Numeric,1,2011,2011,2011,501C3-CHARITIES|501CE-NONPROFIT,2011-2024
unsecurednotesend,unsecured_notes_eoy,unsecured_notes_eoy,opted_in_from_dropped,,"",Unsecured Mortgages and Notes Payable - EOY,"Unsecured mortgages and notes payable at end of year Old 990 and 990EZ (DocCD=90, 09 and 92): Not Available New 990 (DocCD=93): Part X Line 24 (B)",Balance Sheet,Numeric,1,2011,2011,2011,501C3-CHARITIES|501CE-NONPROFIT,2011-2024
v_errorCd,"","",skipped_bmf_origin,,"","","","","",11,1989-1999,1989,1999,501C3-CHARITIES|501CE-NONPROFIT,""
verfail,"","",skipped_bmf_origin,,"","","","","",3,"2002, 2004, 2006",2002,2006,501C3-CHARITIES|501CE-NONPROFIT,""
zip5Old1,"","",skipped_bmf_origin,,"","","","","",16,1989-2004,1989,2004,501C3-CHARITIES|501CE-NONPROFIT,""
zipnew,"","",skipped_bmf_origin,,"","","","","",11,1989-1999,1989,1999,501C3-CHARITIES|501CE-NONPROFIT,""
